Baby Food,12/20/2013,552,255.28
Snacks,7/5/2010,2167,152.58
Beverages,9/12/2011,4778,47.45
Cereal,5/13/2010,9016,205.70
Snacks,7/20/2015,7542,152.58
Personal Care,11/8/2010,48,81.73
Clothes,3/28/2011,8258,109.28
Clothes,10/14/2013,927,109.28
Clothes,8/27/2016,8841,109.28
Baby Food,4/13/2015,9817,255.28
Office Supplies,9/25/2013,3704,651.21
Cosmetics,5/12/2013,7382,437.20
Cereal,7/31/2016,9762,205.70
Cosmetics,7/6/2015,6786,437.20
Baby Food,11/28/2010,6428,255.28
Meat,12/17/2015,3693,421.89
Cereal,8/13/2014,5616,205.70
Office Supplies,10/31/2010,6266,651.21
Beverages,3/13/2017,1742,47.45
Baby Food,4/16/2013,5172,255.28
Beverages,1/18/2010,1718,47.45
Baby Food,9/5/2015,3572,255.28
Fruits,9/28/2016,4958,9.33
Beverages,3/22/2012,7132,47.45
Snacks,4/25/2017,3378,152.58
Cereal,3/13/2014,4015,205.70
Fruits,5/29/2016,1390,9.33
Office Supplies,1/17/2012,4885,651.21
Baby Food,12/27/2012,5910,255.28
Snacks,4/1/2013,2907,152.58
Cosmetics,6/26/2015,6350,437.20
Clothes,1/17/2012,3744,109.28
Clothes,7/3/2011,4626,109.28
Meat,2/17/2012,5562,421.89
Fruits,4/5/2013,5150,9.33
Cereal,7/8/2011,9022,205.70
Cosmetics,2/24/2012,4838,437.20
Vegetables,2/13/2010,7291,154.06
Personal Care,8/7/2016,3104,81.73
Clothes,4/26/2017,6031,109.28
Meat,3/21/2014,1860,421.89
Personal Care,2/2/2014,3407,81.73
Meat,3/21/2017,5522,421.89
Snacks,8/6/2013,84,152.58
Baby Food,12/30/2016,1003,255.28
Office Supplies,10/3/2015,9224,651.21
Cosmetics,5/30/2014,7718,437.20
Household,10/15/2014,6492,668.27
Beverages,3/16/2012,7581,47.45
Baby Food,5/27/2014,52,255.28
Snacks,1/12/2015,5005,152.58
Office Supplies,8/10/2012,568,651.21
Office Supplies,4/13/2014,6905,651.21
Household,11/23/2016,1205,668.27
Clothes,10/22/2010,2694,109.28
Vegetables,12/3/2013,7626,154.06
Clothes,12/8/2014,4287,109.28
Personal Care,12/16/2014,7995,81.73
Cereal,3/2/2016,6099,205.70
Meat,6/12/2010,2977,421.89
Cereal,6/18/2013,5042,205.70
Beverages,6/12/2015,5736,47.45
Baby Food,4/4/2015,531,255.28
Vegetables,8/12/2016,1934,154.06
Household,9/22/2016,4481,668.27
Baby Food,1/29/2010,9738,255.28
Snacks,12/10/2014,1304,152.58
Beverages,7/28/2016,9810,47.45
Clothes,6/10/2016,7916,109.28
Beverages,4/16/2013,5315,47.45
Clothes,7/5/2014,3730,109.28
Meat,3/8/2017,1916,421.89
Meat,11/24/2011,660,421.89
Baby Food,10/20/2016,7779,255.28
Beverages,4/1/2013,3121,47.45
Office Supplies,3/1/2010,3566,651.21
Fruits,7/13/2017,8026,9.33
Office Supplies,4/29/2012,2443,651.21
Household,6/16/2010,4790,668.27
Household,7/10/2017,72,668.27
Baby Food,6/28/2017,5326,255.28
Office Supplies,4/21/2014,4619,651.21
Cereal,12/26/2012,4049,205.70
Household,11/1/2015,6747,668.27
Cosmetics,1/22/2011,7873,437.20
Cosmetics,6/13/2014,9620,437.20
Meat,7/24/2012,6211,421.89
Meat,12/15/2011,8902,421.89
Beverages,9/3/2012,978,47.45
Beverages,1/19/2012,2758,47.45
Cereal,1/17/2016,6588,205.70
Office Supplies,10/2/2012,1851,651.21
Office Supplies,1/21/2014,9956,651.21
Snacks,12/21/2013,9345,152.58
Cereal,2/24/2015,494,205.70
Household,7/7/2017,905,668.27
Beverages,6/30/2014,117,47.45
Fruits,12/7/2011,4695,9.33
Household,9/27/2016,3239,668.27
Meat,5/22/2010,1379,421.89
Household,4/12/2013,6775,668.27
Vegetables,10/17/2012,4120,154.06
Cosmetics,7/15/2012,138,437.20
Cereal,5/19/2013,8583,205.70
Beverages,4/8/2017,5242,47.45
Fruits,11/6/2015,2932,9.33
Personal Care,12/21/2016,6501,81.73
Household,8/21/2010,7830,668.27
Clothes,8/12/2010,830,109.28
Fruits,10/22/2012,6443,9.33
Vegetables,3/11/2014,7643,154.06
Office Supplies,8/3/2016,4434,651.21
Office Supplies,4/26/2015,8853,651.21
Personal Care,7/16/2010,9967,81.73
Personal Care,1/22/2011,8875,81.73
Household,5/22/2015,3706,668.27
Fruits,7/12/2015,4622,9.33
Office Supplies,11/27/2015,8815,651.21
Personal Care,6/8/2014,5509,81.73
Office Supplies,11/21/2013,959,651.21
Office Supplies,7/14/2010,3450,651.21
Baby Food,1/17/2013,8301,255.28
Office Supplies,1/15/2016,2859,651.21
Cosmetics,5/23/2011,1505,437.20
Cereal,10/8/2014,650,205.70
Personal Care,5/27/2016,3736,81.73
Meat,2/27/2015,6237,421.89
Beverages,10/1/2014,658,47.45
Meat,5/19/2012,1534,421.89
Vegetables,2/13/2010,434,154.06
Snacks,2/1/2011,955,152.58
Beverages,9/7/2015,3729,47.45
Beverages,3/27/2010,1415,47.45
Meat,3/15/2016,3706,421.89
Snacks,9/7/2010,2326,152.58
Meat,6/26/2013,6030,421.89
Meat,3/9/2015,5604,421.89
Fruits,3/23/2011,8866,9.33
Personal Care,3/29/2013,5663,81.73
Clothes,1/5/2015,2876,109.28
Meat,5/21/2011,9416,421.89
Snacks,3/11/2017,1225,152.58
Office Supplies,6/23/2010,6277,651.21
Baby Food,12/28/2011,9577,255.28
Cosmetics,4/6/2013,8161,437.20
Meat,9/5/2010,6096,421.89
Office Supplies,10/27/2016,9481,651.21
Office Supplies,4/11/2011,1447,651.21
Household,7/17/2012,7153,668.27
Meat,9/9/2013,8792,421.89
Beverages,6/5/2016,589,47.45
Fruits,2/28/2012,3797,9.33
Cosmetics,1/31/2016,1704,437.20
Beverages,5/18/2010,4626,47.45
Cereal,2/25/2016,4912,205.70
Household,12/7/2013,1941,668.27
Cereal,8/8/2015,7126,205.70
Cereal,3/3/2015,8909,205.70
Cosmetics,4/15/2015,7762,437.20
Snacks,11/20/2015,1191,152.58
Office Supplies,5/22/2010,8733,651.21
Cosmetics,3/18/2012,6954,437.20
Vegetables,2/14/2013,4453,154.06
Cereal,4/23/2017,6860,205.70
Office Supplies,11/18/2014,1836,651.21
Office Supplies,12/11/2015,4074,651.21
Snacks,7/9/2016,297,152.58
Household,6/28/2017,4259,668.27
Meat,3/22/2013,1748,421.89
Cereal,7/4/2010,5581,205.70
Beverages,3/14/2017,606,47.45
Household,9/21/2015,8702,668.27
Household,4/10/2012,3782,668.27
Fruits,5/2/2010,6788,9.33
Clothes,6/13/2014,692,109.28
Office Supplies,4/18/2011,5501,651.21
Cosmetics,5/1/2011,3250,437.20
Vegetables,9/21/2014,3007,154.06
Personal Care,2/17/2015,5870,81.73
Baby Food,1/25/2011,9968,255.28
Vegetables,4/1/2017,5465,154.06
Vegetables,5/21/2015,9550,154.06
Personal Care,12/18/2010,1450,81.73
Snacks,5/2/2014,7417,152.58
Vegetables,3/6/2014,5738,154.06
Household,8/11/2011,1731,668.27
Cereal,5/20/2016,2745,205.70
Beverages,10/22/2012,3159,47.45
Vegetables,7/20/2016,9383,154.06
Office Supplies,4/7/2010,4862,651.21
Cosmetics,7/14/2015,5068,437.20
Personal Care,5/10/2013,2506,81.73
Personal Care,2/1/2016,1713,81.73
Snacks,8/20/2010,4255,152.58
Cereal,4/12/2015,3732,205.70
Cereal,4/8/2015,772,205.70
Fruits,1/27/2012,8039,9.33
Cosmetics,1/6/2012,5223,437.20
Cosmetics,11/26/2014,4048,437.20
Household,4/4/2010,3270,668.27
Household,5/17/2011,3674,668.27
Household,9/9/2013,3077,668.27
Meat,9/14/2013,1330,421.89
Vegetables,10/5/2012,5310,154.06
Baby Food,4/13/2013,3930,255.28
Meat,12/15/2014,3132,421.89
Office Supplies,12/20/2010,889,651.21
Personal Care,7/2/2014,2207,81.73
Meat,1/31/2017,4121,421.89
Snacks,2/5/2015,699,152.58
Baby Food,7/23/2013,8039,255.28
Office Supplies,10/6/2014,9272,651.21
Vegetables,7/2/2014,9558,154.06
Baby Food,5/29/2013,1090,255.28
Personal Care,3/11/2013,8092,81.73
Cosmetics,11/1/2012,1818,437.20
Household,5/22/2012,5554,668.27
Cosmetics,9/30/2016,9619,437.20
Vegetables,9/25/2016,6360,154.06
Baby Food,8/3/2015,5157,255.28
Snacks,1/16/2010,7422,152.58
Meat,11/1/2016,1597,421.89
Office Supplies,11/25/2015,8155,651.21
Cosmetics,9/24/2014,4602,437.20
Baby Food,4/30/2014,474,255.28
Vegetables,12/18/2012,2337,154.06
Cosmetics,7/20/2017,8792,437.20
Beverages,2/16/2017,5466,47.45
Office Supplies,12/15/2016,22,651.21
Clothes,12/28/2011,7153,109.28
Clothes,5/28/2013,3581,109.28
Office Supplies,7/2/2014,3061,651.21
Fruits,3/21/2017,1380,9.33
Cereal,3/17/2013,1355,205.70
Office Supplies,4/30/2010,7835,651.21
Snacks,9/16/2013,2699,152.58
Clothes,5/30/2014,9859,109.28
Meat,11/28/2015,257,421.89
Vegetables,3/7/2015,6867,154.06
Meat,1/15/2014,9693,421.89
Fruits,10/22/2011,9172,9.33
Clothes,2/8/2012,5989,109.28
Personal Care,10/16/2014,9356,81.73
Personal Care,11/14/2011,9432,81.73
Meat,5/3/2015,3411,421.89
Snacks,7/16/2015,515,152.58
Vegetables,4/1/2015,7000,154.06
Vegetables,9/20/2010,1151,154.06
Office Supplies,8/24/2010,8287,651.21
Snacks,3/15/2017,5755,152.58
Beverages,9/12/2014,7937,47.45
Household,3/25/2011,1242,668.27
Office Supplies,3/3/2012,9113,651.21
Baby Food,5/19/2016,7024,255.28
Personal Care,6/8/2012,7480,81.73
Clothes,9/8/2012,5016,109.28
Personal Care,8/16/2011,1201,81.73
Personal Care,5/14/2012,9633,81.73
Meat,4/28/2015,941,421.89
Snacks,5/21/2014,7787,152.58
Cereal,11/15/2015,9864,205.70
Household,1/10/2012,8894,668.27
Beverages,1/28/2015,3634,47.45
Cereal,8/11/2015,4868,205.70
Fruits,8/19/2016,414,9.33
Personal Care,8/22/2014,121,81.73
Cosmetics,12/26/2010,869,437.20
Clothes,8/27/2015,1570,109.28
Vegetables,3/11/2013,8164,154.06
Personal Care,12/8/2011,8626,81.73
Fruits,6/27/2017,7961,9.33
Baby Food,10/21/2013,3205,255.28
Vegetables,6/1/2012,8426,154.06
Clothes,10/8/2010,9721,109.28
Personal Care,2/25/2011,222,81.73
Cosmetics,12/5/2016,5088,437.20
Clothes,8/6/2013,6513,109.28
Vegetables,6/7/2010,8719,154.06
Fruits,12/27/2013,2963,9.33
Vegetables,9/28/2016,2530,154.06
Personal Care,1/8/2016,7737,81.73
Household,3/20/2010,933,668.27
Personal Care,2/21/2010,1498,81.73
Snacks,7/14/2012,843,152.58
Cereal,5/29/2011,7410,205.70
Beverages,12/25/2016,1674,47.45
Household,1/17/2014,1138,668.27
Snacks,3/2/2011,5340,152.58
Personal Care,3/10/2014,846,81.73
Fruits,11/17/2014,6255,9.33
Beverages,6/3/2017,7197,47.45
Meat,12/7/2011,1334,421.89
Fruits,2/1/2016,3357,9.33
Beverages,10/6/2010,9990,47.45
Vegetables,12/26/2011,4988,154.06
Cosmetics,2/12/2014,4137,437.20
Fruits,5/21/2016,254,9.33
Cereal,7/2/2011,8189,205.70
Fruits,3/2/2012,9821,9.33
Baby Food,1/6/2017,9061,255.28
Beverages,5/20/2014,6852,47.45
Cereal,5/19/2016,6167,205.70
Snacks,4/6/2017,7011,152.58
Cosmetics,5/5/2012,1420,437.20
Vegetables,12/7/2016,8461,154.06
Baby Food,2/14/2017,9234,255.28
Vegetables,6/2/2011,1869,154.06
Baby Food,7/15/2014,6525,255.28
Clothes,10/6/2015,396,109.28
Fruits,1/5/2013,2705,9.33
Baby Food,8/19/2016,9707,255.28
Personal Care,4/24/2015,9689,81.73
Meat,2/26/2010,7967,421.89
Snacks,12/2/2010,1891,152.58
Cereal,1/23/2017,5840,205.70
Fruits,12/15/2013,6225,9.33
Personal Care,7/19/2014,6489,81.73
Cereal,2/17/2010,2105,205.70
Household,12/28/2011,5578,668.27
Cosmetics,5/3/2017,1445,437.20
Meat,1/31/2013,1272,421.89
Cosmetics,7/3/2017,8659,437.20
Cereal,11/8/2015,4235,205.70
Meat,3/3/2017,661,421.89
Fruits,8/18/2012,7630,9.33
Office Supplies,3/11/2017,6866,651.21
Meat,10/17/2012,7123,421.89
Personal Care,9/29/2012,9187,81.73
Cereal,6/22/2012,876,205.70
Snacks,1/19/2016,2038,152.58
Cereal,4/3/2017,9554,205.70
Personal Care,12/4/2010,2334,81.73
Vegetables,11/27/2011,6321,154.06
Beverages,5/16/2013,9488,47.45
Cosmetics,5/16/2013,6841,437.20
Household,1/1/2011,5415,668.27
Cereal,3/19/2010,9278,205.70
Household,1/9/2016,4529,668.27
Cosmetics,4/5/2012,3743,437.20
Personal Care,4/5/2014,5060,81.73
Vegetables,9/19/2015,2472,154.06
Personal Care,8/12/2015,7233,81.73
Cosmetics,12/30/2013,2630,437.20
Cosmetics,10/8/2015,8980,437.20
Fruits,9/29/2011,8631,9.33
Vegetables,9/28/2012,963,154.06
Baby Food,7/1/2015,7388,255.28
Beverages,1/8/2014,6348,47.45
Meat,12/20/2010,8317,421.89
Office Supplies,11/2/2013,799,651.21
Snacks,1/20/2016,3331,152.58
Cereal,11/20/2015,2480,205.70
Office Supplies,9/4/2012,6844,651.21
Snacks,12/15/2014,5770,152.58
Baby Food,1/29/2013,2685,255.28
Cosmetics,3/1/2016,9524,437.20
Office Supplies,7/6/2017,39,651.21
Vegetables,6/29/2011,18,154.06
Household,6/18/2012,2279,668.27
Beverages,2/22/2013,1668,47.45
Clothes,2/6/2011,68,109.28
Meat,7/11/2012,1388,421.89
Meat,4/30/2013,6571,421.89
Baby Food,6/26/2010,8591,255.28
Vegetables,5/21/2013,7453,154.06
Meat,5/7/2017,5192,421.89
Personal Care,12/19/2014,876,81.73
Personal Care,1/16/2015,5604,81.73
Vegetables,2/2/2016,7506,154.06
Personal Care,2/7/2010,6742,81.73
Fruits,8/30/2016,506,9.33
Snacks,12/18/2010,8020,152.58
Beverages,12/3/2010,5540,47.45
Cereal,10/19/2012,1352,205.70
Household,2/20/2010,773,668.27
Baby Food,9/7/2012,1152,255.28
Office Supplies,4/29/2012,6868,651.21
Baby Food,2/26/2017,4333,255.28
Baby Food,5/26/2017,6989,255.28
Vegetables,12/4/2011,311,154.06
Baby Food,1/7/2012,6802,255.28
Clothes,11/20/2014,998,109.28
Personal Care,1/8/2015,4468,81.73
Baby Food,7/18/2015,810,255.28
Snacks,11/8/2016,654,152.58
Office Supplies,11/8/2012,6660,651.21
Meat,6/8/2017,8522,421.89
Fruits,4/5/2015,7962,9.33
Cosmetics,12/27/2010,3737,437.20
Vegetables,5/10/2010,6631,154.06
Cereal,5/11/2016,4463,205.70
Vegetables,5/12/2010,7080,154.06
Fruits,6/3/2016,1363,9.33
Household,3/30/2014,6223,668.27
Meat,2/1/2011,7603,421.89
Office Supplies,4/15/2015,3475,651.21
Fruits,4/21/2017,8846,9.33
Personal Care,3/29/2016,750,81.73
Beverages,1/20/2016,3256,47.45
Clothes,3/7/2014,2461,109.28
Meat,12/2/2012,1497,421.89
Vegetables,8/22/2015,5523,154.06
Household,5/25/2015,6733,668.27
Personal Care,11/26/2013,9350,81.73
Cereal,2/19/2010,4629,205.70
Cosmetics,9/22/2011,5855,437.20
Beverages,12/27/2015,3348,47.45
Baby Food,9/29/2013,9454,255.28
Fruits,10/26/2015,3554,9.33
Vegetables,5/12/2011,7059,154.06
Beverages,2/9/2017,8412,47.45
Vegetables,12/31/2012,8086,154.06
Vegetables,2/6/2014,3585,154.06
Baby Food,11/2/2013,4447,255.28
Snacks,6/27/2010,7238,152.58
Snacks,12/14/2010,558,152.58
Office Supplies,11/9/2011,35,651.21
Vegetables,11/16/2010,3331,154.06
Snacks,7/20/2010,5139,152.58
Household,6/21/2014,2183,668.27
Clothes,12/11/2015,8216,109.28
Household,11/28/2016,9025,668.27
Fruits,8/3/2016,7428,9.33
Baby Food,4/8/2015,8273,255.28
Meat,7/4/2010,3440,421.89
Cereal,1/30/2016,6840,205.70
Fruits,10/1/2012,9416,9.33
Cosmetics,8/19/2012,4141,437.20
Baby Food,7/21/2017,1020,255.28
Baby Food,4/3/2015,2089,255.28
Cereal,6/20/2013,6416,205.70
Fruits,6/8/2013,5099,9.33
Office Supplies,9/19/2013,85,651.21
Beverages,6/18/2010,3741,47.45
Personal Care,12/16/2016,6461,81.73
Baby Food,4/4/2013,4498,255.28
Household,10/6/2010,6140,668.27
Baby Food,8/5/2010,6703,255.28
Vegetables,12/4/2014,3537,154.06
Beverages,8/21/2015,1021,47.45
Baby Food,4/3/2013,5566,255.28
Personal Care,2/25/2013,615,81.73
Clothes,3/11/2014,1642,109.28
Office Supplies,7/8/2012,1150,651.21
Meat,11/28/2012,3677,421.89
Snacks,6/6/2017,789,152.58
Baby Food,1/20/2014,6086,255.28
Clothes,10/5/2010,197,109.28
Personal Care,8/3/2016,5784,81.73
Baby Food,2/21/2015,2538,255.28
Vegetables,10/19/2013,2184,154.06
Cereal,3/24/2017,3476,205.70
Fruits,1/4/2016,7200,9.33
Fruits,2/23/2013,1174,9.33
Baby Food,9/19/2012,5247,255.28
Personal Care,1/25/2016,6298,81.73
Beverages,6/18/2010,3238,47.45
Snacks,9/29/2010,2010,152.58
Cosmetics,2/6/2010,588,437.20
Personal Care,2/19/2014,3975,81.73
Household,5/20/2014,9210,668.27
Baby Food,10/16/2014,358,255.28
Cereal,10/22/2012,3519,205.70
Fruits,9/24/2010,1822,9.33
Clothes,12/1/2011,428,109.28
Baby Food,1/2/2017,1531,255.28
Beverages,7/24/2012,9353,47.45
Clothes,9/16/2012,5149,109.28
Office Supplies,6/30/2017,2206,651.21
Beverages,9/5/2016,840,47.45
Beverages,3/21/2016,3402,47.45
Office Supplies,10/16/2011,9270,651.21
Beverages,4/9/2015,9855,47.45
Cereal,2/5/2013,3600,205.70
Office Supplies,7/3/2015,979,651.21
Office Supplies,11/2/2014,9496,651.21
Vegetables,2/6/2012,8688,154.06
Household,2/17/2013,5122,668.27
Office Supplies,4/10/2017,7396,651.21
Beverages,7/27/2013,1141,47.45
Baby Food,11/5/2014,4018,255.28
Beverages,1/24/2016,718,47.45
Vegetables,3/31/2013,7967,154.06
Cosmetics,11/5/2014,9517,437.20
Cosmetics,3/25/2015,1157,437.20
Baby Food,8/12/2013,5702,255.28
Fruits,4/15/2010,8002,9.33
Office Supplies,5/21/2010,9937,651.21
Beverages,7/14/2012,5417,47.45
Fruits,8/23/2012,5385,9.33
Office Supplies,4/4/2015,2815,651.21
Beverages,8/16/2014,7712,47.45
Household,8/18/2013,2112,668.27
Clothes,6/12/2012,5081,109.28
Cosmetics,4/20/2012,7719,437.20
Snacks,9/15/2011,8156,152.58
Office Supplies,3/26/2010,6553,651.21
Snacks,4/23/2012,101,152.58
Personal Care,11/9/2015,8026,81.73
Vegetables,1/24/2016,6581,154.06
Meat,10/10/2016,4053,421.89
Personal Care,7/11/2011,5759,81.73
Snacks,1/23/2010,9048,152.58
Household,11/6/2011,8299,668.27
Cereal,5/27/2017,9925,205.70
Vegetables,12/13/2016,7366,154.06
Vegetables,12/7/2016,6097,154.06
Cosmetics,6/28/2013,8623,437.20
Meat,5/29/2011,9480,421.89
Vegetables,9/26/2012,236,154.06
Cosmetics,1/14/2013,4487,437.20
Snacks,9/16/2012,2866,152.58
Snacks,3/22/2013,8033,152.58
Household,4/26/2013,9680,668.27
Personal Care,10/24/2012,9530,81.73
Cosmetics,5/14/2016,6340,437.20
Vegetables,7/25/2014,894,154.06
Personal Care,5/30/2010,1011,81.73
Snacks,7/19/2015,6539,152.58
Cereal,3/7/2016,4357,205.70
Vegetables,9/23/2014,3377,154.06
Office Supplies,11/16/2010,9542,651.21
Cereal,12/16/2012,825,205.70
Cereal,6/11/2011,2230,205.70
Beverages,12/30/2012,795,47.45
Fruits,1/2/2014,585,9.33
Meat,11/29/2011,7701,421.89
Cosmetics,8/1/2016,5272,437.20
Vegetables,3/28/2016,8458,154.06
Office Supplies,7/8/2011,9453,651.21
Meat,9/11/2011,2480,421.89
Household,10/2/2015,8794,668.27
Snacks,3/3/2016,1681,152.58
Cereal,4/10/2010,1458,205.70
Cereal,8/6/2011,475,205.70
Clothes,10/24/2015,8110,109.28
Personal Care,1/30/2012,5776,81.73
Office Supplies,2/18/2017,1913,651.21
Personal Care,11/28/2010,6997,81.73
Household,1/18/2016,8532,668.27
Beverages,10/31/2010,6054,47.45
Clothes,4/1/2016,6130,109.28
Fruits,6/29/2016,7360,9.33
Household,10/3/2015,5372,668.27
Beverages,9/18/2011,7829,47.45
Cosmetics,6/24/2014,9422,437.20
Cosmetics,6/30/2012,6876,437.20
Snacks,3/22/2014,3944,152.58
Snacks,1/7/2014,6413,152.58
Baby Food,2/10/2011,7101,255.28
Household,5/9/2013,856,668.27
Personal Care,9/26/2010,9559,81.73
Baby Food,1/13/2017,7119,255.28
Office Supplies,1/4/2013,4480,651.21
Beverages,10/12/2010,4615,47.45
Baby Food,3/1/2012,7529,255.28
Meat,6/25/2012,5259,421.89
Personal Care,11/24/2011,6871,81.73
Fruits,8/22/2011,3464,9.33
Vegetables,3/23/2010,3169,154.06
Personal Care,10/17/2014,6145,81.73
Snacks,8/18/2014,9587,152.58
Household,3/23/2015,2716,668.27
Clothes,10/10/2011,1789,109.28
Meat,9/8/2015,5091,421.89
Vegetables,12/4/2012,7939,154.06
Personal Care,3/31/2013,7683,81.73
Personal Care,2/8/2016,8702,81.73
Office Supplies,6/13/2014,7408,651.21
Vegetables,8/26/2013,7242,154.06
Cosmetics,7/29/2012,3678,437.20
Baby Food,12/9/2014,9222,255.28
Household,5/17/2010,8409,668.27
Beverages,2/4/2016,2807,47.45
Personal Care,6/30/2012,6014,81.73
Cosmetics,2/18/2015,8660,437.20
Vegetables,4/30/2010,3407,154.06
Meat,12/21/2011,9946,421.89
Baby Food,4/19/2012,2,255.28
Office Supplies,12/25/2015,2329,651.21
Household,8/5/2013,7713,668.27
Cosmetics,9/19/2015,3973,437.20
Snacks,4/12/2011,955,152.58
Snacks,10/8/2016,5541,152.58
Beverages,11/22/2011,6642,47.45
Cosmetics,6/25/2011,199,437.20
Cosmetics,4/16/2016,4187,437.20
Clothes,10/17/2016,3610,109.28
Vegetables,2/1/2012,5504,154.06
Clothes,9/10/2013,3938,109.28
Cosmetics,6/27/2011,5009,437.20
Fruits,5/4/2015,1847,9.33
Cereal,6/18/2013,9613,205.70
Cereal,1/27/2014,501,205.70
Fruits,4/20/2011,8733,9.33
Household,9/12/2011,5565,668.27
Office Supplies,4/26/2015,4282,651.21
Office Supplies,11/29/2011,5201,651.21
Office Supplies,1/7/2015,673,651.21
Fruits,9/24/2012,76,9.33
Meat,12/8/2016,4821,421.89
Baby Food,1/26/2014,3352,255.28
Baby Food,5/11/2014,6141,255.28
Cosmetics,2/27/2010,693,437.20
Household,1/14/2010,6545,668.27
Baby Food,4/8/2012,264,255.28
Cosmetics,3/9/2016,449,437.20
Meat,11/4/2010,2729,421.89
Baby Food,8/18/2016,4765,255.28
Personal Care,5/14/2013,1251,81.73
Fruits,3/21/2012,8910,9.33
Clothes,1/26/2014,1495,109.28
Clothes,4/14/2013,4795,109.28
Cosmetics,8/27/2016,1625,437.20
Fruits,11/22/2016,6836,9.33
Beverages,7/25/2011,2305,47.45
Cosmetics,6/9/2014,1946,437.20
Clothes,11/7/2013,6700,109.28
Household,5/8/2014,9540,668.27
Fruits,3/7/2010,472,9.33
Meat,10/22/2011,1531,421.89
Household,10/27/2011,1786,668.27
Meat,6/15/2011,2334,421.89
Baby Food,10/14/2016,1306,255.28
Beverages,4/2/2012,8863,47.45
Cereal,6/3/2017,2197,205.70
Baby Food,1/24/2015,531,255.28
Office Supplies,7/12/2015,122,651.21
Household,1/25/2015,9254,668.27
Fruits,10/20/2014,3245,9.33
Meat,11/26/2016,9444,421.89
Household,4/6/2013,2231,668.27
Beverages,12/20/2011,8016,47.45
Office Supplies,10/28/2010,243,651.21
Cosmetics,4/6/2016,4384,437.20
Cereal,11/9/2016,2945,205.70
Baby Food,5/23/2017,462,255.28
Clothes,5/7/2012,8503,109.28
Cereal,6/4/2012,665,205.70
Household,6/16/2010,7579,668.27
Baby Food,6/24/2015,1905,255.28
Meat,2/4/2011,3337,421.89
Household,4/5/2012,3598,668.27
Snacks,1/25/2016,1443,152.58
Cosmetics,2/4/2013,7658,437.20
Beverages,12/4/2013,59,47.45
Cereal,1/20/2015,8497,205.70
Clothes,4/5/2010,9851,109.28
Clothes,2/6/2017,3031,109.28
Cereal,7/22/2012,3981,205.70
Office Supplies,7/11/2012,674,651.21
Personal Care,1/17/2015,8115,81.73
Baby Food,8/24/2011,3339,255.28
Vegetables,11/7/2013,415,154.06
Cereal,7/15/2011,5441,205.70
Personal Care,7/27/2014,1547,81.73
Cereal,2/28/2011,3893,205.70
Beverages,2/6/2017,4674,47.45
Cosmetics,5/18/2011,8111,437.20
Beverages,9/9/2015,5460,47.45
Fruits,12/9/2014,7,9.33
Beverages,1/9/2014,2069,47.45
Beverages,5/4/2011,3996,47.45
Beverages,2/15/2010,5166,47.45
Household,9/10/2014,6992,668.27
Clothes,6/25/2011,7915,109.28
Personal Care,9/17/2010,8409,81.73
Clothes,4/25/2012,5979,109.28
Personal Care,4/16/2017,161,81.73
Office Supplies,5/1/2016,7523,651.21
Vegetables,5/10/2016,6662,154.06
Household,12/22/2013,3210,668.27
Fruits,6/12/2014,4827,9.33
Fruits,9/22/2012,6205,9.33
Office Supplies,6/1/2012,4069,651.21
Clothes,5/24/2014,2172,109.28
Snacks,1/9/2013,6302,152.58
Meat,2/6/2015,9275,421.89
Cereal,5/2/2013,5940,205.70
Vegetables,11/11/2012,8177,154.06
Personal Care,4/24/2012,9898,81.73
Fruits,3/2/2015,2044,9.33
Meat,10/26/2010,7589,421.89
Household,3/29/2016,6539,668.27
Clothes,8/9/2011,928,109.28
Beverages,3/20/2012,9826,47.45
Beverages,9/27/2011,4329,47.45
Beverages,4/2/2016,2569,47.45
Meat,3/10/2010,4705,421.89
Meat,2/11/2013,7932,421.89
Personal Care,5/20/2015,1472,81.73
Fruits,3/7/2012,1579,9.33
Cereal,12/4/2014,6542,205.70
Office Supplies,2/24/2017,1675,651.21
Personal Care,6/18/2013,4329,81.73
Baby Food,11/23/2010,8884,255.28
Household,7/14/2017,1749,668.27
Clothes,1/16/2016,6368,109.28
Vegetables,11/6/2012,8215,154.06
Fruits,9/5/2011,9794,9.33
Meat,4/22/2017,5641,421.89
Snacks,8/25/2016,7324,152.58
Snacks,10/30/2012,8441,152.58
Office Supplies,10/29/2013,9623,651.21
Snacks,7/13/2013,3529,152.58
Clothes,9/10/2010,9854,109.28
Meat,9/10/2012,320,421.89
Meat,8/16/2016,3682,421.89
Snacks,1/26/2013,727,152.58
Snacks,8/9/2012,9271,152.58
Office Supplies,9/25/2011,9164,651.21
Snacks,10/18/2011,7285,152.58
Clothes,3/20/2015,2546,109.28
Fruits,2/8/2014,888,9.33
Beverages,10/21/2016,286,47.45
Personal Care,10/9/2013,5744,81.73
Snacks,9/6/2011,4299,152.58
Cosmetics,6/27/2014,17,437.20
Cereal,1/22/2012,8998,205.70
Cereal,4/9/2014,4372,205.70
Fruits,11/26/2016,1299,9.33
Beverages,1/12/2013,1971,47.45
Fruits,12/6/2011,614,9.33
Office Supplies,7/31/2012,8480,651.21
Cosmetics,1/12/2015,8857,437.20
Household,8/10/2016,2062,668.27
Personal Care,9/16/2015,444,81.73
Snacks,7/26/2015,3382,152.58
Beverages,12/3/2012,2288,47.45
Household,12/7/2016,5603,668.27
Vegetables,2/9/2015,3802,154.06
Personal Care,12/12/2014,4390,81.73
Household,6/11/2017,6902,668.27
Baby Food,4/19/2013,7906,255.28
Household,12/30/2016,6001,668.27
Beverages,1/3/2010,6816,47.45
Household,9/25/2012,8013,668.27
Cereal,7/24/2012,4284,205.70
Snacks,2/1/2013,2353,152.58
Baby Food,3/11/2015,5974,255.28
Cereal,3/27/2013,933,205.70
Baby Food,1/6/2014,49,255.28
Cereal,3/31/2010,8169,205.70
Cereal,8/20/2014,7174,205.70
Cosmetics,8/30/2010,975,437.20
Baby Food,12/14/2016,514,255.28
Personal Care,5/3/2015,8764,81.73
Vegetables,3/16/2015,5731,154.06
Cosmetics,11/16/2011,3451,437.20
Vegetables,2/1/2013,990,154.06
Personal Care,7/1/2012,9449,81.73
Baby Food,3/10/2016,6956,255.28
Fruits,3/2/2016,3673,9.33
Cosmetics,11/8/2016,6792,437.20
Fruits,3/3/2016,5537,9.33
Vegetables,11/18/2016,6162,154.06
Personal Care,4/4/2015,6954,81.73
Clothes,5/26/2012,3231,109.28
Beverages,6/30/2010,2340,47.45
Meat,7/27/2016,8662,421.89
Meat,1/1/2016,8607,421.89
Fruits,2/28/2014,5619,9.33
Household,6/26/2017,5171,668.27
Clothes,7/19/2014,9767,109.28
Cosmetics,2/14/2010,3945,437.20
Baby Food,11/7/2013,9270,255.28
Snacks,9/16/2013,9342,152.58
Fruits,2/4/2010,4791,9.33
Snacks,1/22/2012,8278,152.58
Cosmetics,10/6/2010,9495,437.20
Meat,8/8/2013,166,421.89
Vegetables,2/1/2010,9046,154.06
Household,7/8/2013,6921,668.27
Beverages,10/5/2011,1608,47.45
Baby Food,6/15/2016,2956,255.28
Cereal,10/21/2013,7845,205.70
Beverages,10/19/2013,5185,47.45
Personal Care,2/17/2016,920,81.73
Personal Care,12/26/2013,3023,81.73
Snacks,12/20/2012,6499,152.58
Snacks,3/9/2012,8384,152.58
Cosmetics,8/5/2015,2745,437.20
Vegetables,1/20/2013,5681,154.06
Clothes,6/11/2014,322,109.28
Meat,7/20/2015,1829,421.89
Cosmetics,1/3/2017,2394,437.20
Personal Care,12/15/2012,6241,81.73
Baby Food,7/8/2017,4626,255.28
Vegetables,8/7/2015,833,154.06
Personal Care,2/5/2012,5180,81.73
Meat,12/22/2012,17,421.89
Beverages,11/27/2013,4723,47.45
Office Supplies,8/17/2011,708,651.21
Clothes,4/17/2015,6417,109.28
Fruits,5/28/2012,2321,9.33
Household,6/23/2010,5926,668.27
Baby Food,6/30/2010,6768,255.28
Snacks,9/26/2010,1415,152.58
Cosmetics,7/16/2010,8465,437.20
Office Supplies,2/2/2014,3548,651.21
Vegetables,7/1/2011,4324,154.06
Cereal,11/14/2012,5488,205.70
Meat,3/26/2014,3762,421.89
Office Supplies,6/17/2016,2900,651.21
Personal Care,12/2/2013,8690,81.73
Household,5/29/2013,3948,668.27
Fruits,3/17/2015,3524,9.33
Beverages,11/17/2016,9296,47.45
Baby Food,1/20/2017,5177,255.28
Beverages,8/22/2011,2108,47.45
Snacks,10/1/2012,3064,152.58
Cosmetics,8/22/2014,8048,437.20
Clothes,8/14/2012,9098,109.28
Beverages,6/6/2014,5280,47.45
Office Supplies,9/24/2013,7694,651.21
Fruits,8/8/2016,4469,9.33
Cosmetics,1/18/2015,5766,437.20
Beverages,6/30/2013,8777,47.45
Cosmetics,6/7/2017,2727,437.20
Meat,6/26/2014,3870,421.89
Vegetables,1/22/2016,492,154.06
Fruits,9/12/2015,7911,9.33
Vegetables,7/29/2015,3475,154.06
Cosmetics,2/24/2015,1565,437.20
Personal Care,12/10/2014,8591,81.73
Baby Food,10/2/2012,7995,255.28
Fruits,1/8/2015,5252,9.33
Vegetables,4/25/2010,2866,154.06
Cereal,12/27/2010,5373,205.70
Office Supplies,7/12/2011,4341,651.21
Beverages,1/22/2015,3368,47.45
Vegetables,5/31/2014,3085,154.06
Cereal,1/21/2011,6152,205.70
Clothes,4/23/2011,2262,109.28
Household,12/25/2014,3138,668.27
Vegetables,8/5/2011,7535,154.06
Clothes,6/10/2014,6240,109.28
Fruits,5/22/2011,7070,9.33
Snacks,1/29/2014,9873,152.58
Personal Care,4/15/2016,1529,81.73
Vegetables,11/9/2012,950,154.06
Baby Food,1/21/2011,4077,255.28
Office Supplies,8/21/2011,8885,651.21
Fruits,8/22/2012,379,9.33
Baby Food,3/3/2013,5593,255.28
Office Supplies,3/4/2017,8597,651.21
Clothes,7/11/2014,5488,109.28
Personal Care,2/3/2015,9397,81.73
Cereal,9/1/2014,5484,205.70
Personal Care,11/19/2013,5942,81.73
Cereal,6/15/2014,4994,205.70
Snacks,5/10/2015,3896,152.58
Household,8/21/2016,5933,668.27
Household,8/18/2015,1423,668.27
Personal Care,9/19/2010,2715,81.73
Cosmetics,9/20/2012,9188,437.20
Cereal,10/20/2010,2254,205.70
Baby Food,2/13/2014,355,255.28
Office Supplies,3/6/2010,3964,651.21
Snacks,1/20/2014,587,152.58
Meat,8/6/2011,9759,421.89
Snacks,3/22/2016,8048,152.58
Beverages,2/16/2012,4053,47.45
Cereal,1/26/2011,3404,205.70
Cosmetics,9/25/2010,3761,437.20
Fruits,8/26/2013,9817,9.33
Fruits,11/7/2015,8296,9.33
Baby Food,8/18/2010,2952,255.28
Cosmetics,1/29/2015,9572,437.20
Personal Care,4/9/2013,972,81.73
Household,1/24/2013,2003,668.27
Baby Food,1/10/2012,4543,255.28
Beverages,5/8/2016,2504,47.45
Baby Food,5/17/2014,6828,255.28
Fruits,8/23/2010,488,9.33
Cosmetics,7/20/2014,3490,437.20
Personal Care,11/2/2013,7870,81.73
Household,3/31/2016,2695,668.27
Office Supplies,6/9/2015,9064,651.21
Clothes,6/27/2017,5106,109.28
Fruits,5/27/2014,983,9.33
Beverages,8/10/2010,3887,47.45
Fruits,8/6/2011,3042,9.33
Beverages,7/23/2012,4703,47.45
Vegetables,5/3/2017,7155,154.06
Beverages,11/22/2011,5717,47.45
Baby Food,7/21/2013,7736,255.28
Baby Food,3/14/2014,7593,255.28
Snacks,5/10/2014,1699,152.58
Beverages,10/26/2011,3496,47.45
Beverages,1/10/2013,8458,47.45
Cosmetics,2/15/2014,9089,437.20
Cosmetics,4/27/2012,9927,437.20
Baby Food,4/1/2017,2537,255.28
Fruits,11/18/2016,520,9.33
Personal Care,8/18/2011,4504,81.73
Meat,7/12/2010,7151,421.89
Personal Care,4/29/2012,8153,81.73
Cereal,11/1/2016,9234,205.70
Meat,7/28/2013,9149,421.89
Baby Food,11/2/2015,8684,255.28
Clothes,6/28/2011,5656,109.28
Clothes,3/4/2012,9914,109.28
Cosmetics,9/2/2011,8338,437.20
Snacks,5/22/2012,9839,152.58
Clothes,1/9/2014,359,109.28
Office Supplies,5/3/2017,7872,651.21
Snacks,10/14/2012,7383,152.58
Office Supplies,8/16/2014,5928,651.21
Clothes,8/27/2011,7574,109.28
Vegetables,6/19/2016,8421,154.06
Household,3/19/2016,1597,668.27
Clothes,4/4/2014,2264,109.28
Cosmetics,3/27/2011,2614,437.20
Clothes,6/4/2016,6872,109.28
Snacks,9/1/2013,6291,152.58
Fruits,7/31/2010,4159,9.33
Baby Food,1/23/2012,791,255.28
Snacks,7/3/2016,8538,152.58
Personal Care,1/4/2012,6779,81.73
Beverages,6/15/2010,6925,47.45
Meat,6/3/2013,7418,421.89
Clothes,12/30/2015,8732,109.28
Fruits,7/13/2010,8373,9.33
Cosmetics,3/2/2013,5875,437.20
Baby Food,8/10/2014,7807,255.28
Snacks,3/9/2014,2767,152.58
Beverages,2/4/2016,6385,47.45
Household,11/27/2014,7271,668.27
Fruits,5/14/2010,5954,9.33
Snacks,11/5/2012,6128,152.58
Baby Food,9/16/2016,3578,255.28
Household,8/11/2013,1122,668.27
Cosmetics,5/27/2011,3607,437.20
Fruits,3/21/2015,2915,9.33
Cereal,2/13/2016,2956,205.70
Fruits,1/3/2010,4672,9.33
Beverages,7/30/2016,1038,47.45
Vegetables,12/6/2014,2058,154.06
Meat,7/12/2015,9767,421.89
Household,12/18/2010,3235,668.27
Personal Care,1/16/2010,3559,81.73
Vegetables,4/10/2011,8869,154.06
Personal Care,3/25/2014,9326,81.73
Cereal,10/8/2015,2123,205.70
Meat,10/20/2013,6483,421.89
Meat,2/9/2011,8661,421.89
Office Supplies,7/7/2011,6943,651.21
Snacks,2/19/2016,6647,152.58
Beverages,1/2/2012,5122,47.45
Baby Food,9/21/2013,6746,255.28
Vegetables,3/29/2014,7932,154.06
Baby Food,5/11/2011,2122,255.28
Snacks,7/5/2011,4789,152.58
Cereal,11/3/2010,8438,205.70
Meat,2/17/2014,7605,421.89
Snacks,11/14/2015,3858,152.58
Clothes,8/10/2011,796,109.28
Baby Food,11/22/2016,9048,255.28
Cereal,6/22/2010,1275,205.70
Meat,10/26/2013,7170,421.89
Household,8/4/2011,8456,668.27
Beverages,1/10/2016,3888,47.45
Office Supplies,2/17/2010,4253,651.21
Office Supplies,1/24/2012,7368,651.21
Beverages,9/29/2010,3081,47.45
Baby Food,2/6/2015,8273,255.28
Personal Care,5/24/2012,1854,81.73
Personal Care,6/20/2017,9766,81.73
Household,12/9/2015,9985,668.27
Personal Care,5/28/2013,7513,81.73
Baby Food,7/20/2016,9388,255.28
Vegetables,3/7/2014,9677,154.06
Cosmetics,4/23/2011,4478,437.20
Snacks,3/27/2010,6922,152.58
Household,4/27/2014,2169,668.27
Beverages,8/18/2016,2412,47.45
Personal Care,4/19/2011,1875,81.73
Baby Food,6/14/2012,1811,255.28
Beverages,7/25/2012,5509,47.45
Office Supplies,7/16/2016,3284,651.21
Fruits,3/12/2015,7486,9.33
Fruits,10/9/2011,7495,9.33
Baby Food,7/30/2010,4721,255.28
Cosmetics,3/13/2013,7606,437.20
Fruits,9/18/2014,6626,9.33
Snacks,1/20/2015,9284,152.58
Cereal,3/20/2015,5116,205.70
Office Supplies,6/19/2013,691,651.21
Beverages,9/20/2016,4606,47.45
Beverages,1/8/2014,2491,47.45
Vegetables,8/16/2010,2008,154.06
Fruits,8/19/2016,7850,9.33
Office Supplies,12/6/2012,6738,651.21
Snacks,7/15/2015,2430,152.58
Cereal,3/30/2011,710,205.70
Beverages,6/3/2014,4396,47.45
Beverages,3/17/2010,8337,47.45
Household,4/24/2011,4412,668.27
Office Supplies,5/11/2016,6533,651.21
Clothes,9/9/2013,5642,109.28
Clothes,6/1/2015,4712,109.28
Household,10/15/2015,3750,668.27
Household,2/13/2010,4790,668.27
Snacks,9/23/2013,6900,152.58
Baby Food,9/10/2012,1179,255.28
Cosmetics,2/7/2013,5756,437.20
Cereal,7/13/2014,793,205.70
Meat,10/29/2013,3483,421.89
Baby Food,6/26/2016,3048,255.28
Vegetables,2/16/2010,5744,154.06
Clothes,9/26/2013,9856,109.28
Snacks,4/11/2013,703,152.58
Beverages,12/6/2010,5632,47.45
Fruits,9/20/2013,9024,9.33
Beverages,8/8/2014,7290,47.45
Fruits,5/15/2011,3872,9.33
Baby Food,6/19/2010,4244,255.28
Vegetables,8/8/2015,911,154.06
Beverages,5/31/2016,8409,47.45
Clothes,12/19/2014,8304,109.28
Office Supplies,5/18/2014,4197,651.21
Household,1/21/2015,6716,668.27
Snacks,11/22/2010,8524,152.58
Household,10/13/2015,9311,668.27
Office Supplies,5/23/2014,802,651.21
Meat,5/18/2011,1752,421.89
Baby Food,6/22/2012,2948,255.28
Fruits,2/9/2013,2205,9.33
Fruits,5/12/2017,9373,9.33
Cereal,6/6/2011,1332,205.70
Personal Care,11/14/2012,6993,81.73
Household,10/24/2013,2298,668.27
Cereal,1/4/2015,5222,205.70
Personal Care,7/1/2014,768,81.73
Clothes,5/19/2011,5973,109.28
Cosmetics,3/7/2017,4904,437.20
Cosmetics,3/14/2014,3661,437.20
Fruits,4/21/2012,5372,9.33
Clothes,11/10/2014,5199,109.28
Snacks,12/5/2014,5335,152.58
Household,3/21/2014,2,668.27
Office Supplies,9/17/2011,457,651.21
Snacks,1/10/2015,9984,152.58
Cereal,12/2/2013,8902,205.70
Beverages,5/10/2014,9559,47.45
Cereal,1/2/2012,1335,205.70
Fruits,3/4/2011,5641,9.33
Cereal,6/12/2013,920,205.70
Baby Food,11/27/2013,7644,255.28
Personal Care,6/23/2012,3320,81.73
Cereal,2/28/2010,7482,205.70
Beverages,10/18/2012,6699,47.45
Cosmetics,2/26/2012,9569,437.20
Cosmetics,6/3/2012,1723,437.20
Household,4/13/2011,820,668.27
Baby Food,4/6/2011,1554,255.28
Clothes,12/20/2015,647,109.28
Baby Food,2/15/2011,1856,255.28
Fruits,10/27/2013,966,9.33
Office Supplies,9/15/2015,795,651.21
Snacks,1/22/2017,6191,152.58
Fruits,6/14/2015,9034,9.33
Beverages,1/27/2017,3235,47.45
Office Supplies,4/9/2010,9736,651.21
Clothes,9/22/2014,1512,109.28
Fruits,2/11/2017,8567,9.33
Cereal,10/3/2012,2937,205.70
Cosmetics,12/18/2016,3690,437.20
Personal Care,10/27/2015,1924,81.73
Cosmetics,5/30/2015,5769,437.20
Clothes,4/22/2015,5386,109.28
Baby Food,5/11/2012,7968,255.28
Household,1/25/2012,2738,668.27
Fruits,3/12/2017,5951,9.33
Fruits,6/7/2016,5894,9.33
Cosmetics,11/23/2010,7883,437.20
Cosmetics,4/30/2010,9268,437.20
Household,3/11/2014,4427,668.27
Clothes,6/8/2015,9773,109.28
Fruits,6/19/2017,6825,9.33
Household,4/5/2013,6510,668.27
Personal Care,8/7/2011,2337,81.73
Beverages,7/14/2014,5875,47.45
Fruits,1/18/2010,723,9.33
Office Supplies,9/10/2013,7510,651.21
Snacks,10/14/2011,8897,152.58
Cereal,8/25/2010,4577,205.70
Vegetables,2/2/2010,6274,154.06
Fruits,10/11/2014,2742,9.33
Snacks,4/16/2015,4767,152.58
Vegetables,8/19/2014,167,154.06
Clothes,11/16/2016,8790,109.28
Fruits,10/21/2015,7517,9.33
Household,10/28/2013,5258,668.27
Beverages,8/19/2010,7955,47.45
Household,7/22/2014,3584,668.27
Clothes,1/24/2016,7147,109.28
Household,4/3/2014,5683,668.27
Cereal,1/29/2013,3257,205.70
Beverages,11/5/2014,6947,47.45
Baby Food,11/14/2015,1354,255.28
Baby Food,9/12/2013,1382,255.28
Beverages,1/13/2010,1255,47.45
Beverages,6/10/2011,2227,47.45
Beverages,5/21/2010,7585,47.45
Beverages,10/10/2011,7645,47.45
Household,12/28/2013,4757,668.27
Cereal,9/17/2012,8301,205.70
Household,3/29/2012,9687,668.27
Cereal,3/3/2014,7358,205.70
Beverages,7/27/2013,1788,47.45
Personal Care,5/17/2010,481,81.73
Vegetables,2/25/2013,2973,154.06
Household,8/8/2012,5833,668.27
Household,8/21/2015,7658,668.27
Personal Care,4/18/2011,4079,81.73
Fruits,5/29/2012,2756,9.33
Beverages,12/8/2013,8383,47.45
Vegetables,11/27/2011,7681,154.06
Vegetables,10/5/2014,4408,154.06
Household,11/15/2016,4348,668.27
Baby Food,6/18/2017,319,255.28
Baby Food,10/24/2016,7170,255.28
Cereal,6/27/2012,6781,205.70
Household,9/9/2010,3062,668.27
Fruits,11/24/2014,6956,9.33
Beverages,7/4/2014,1437,47.45
Baby Food,5/6/2011,6509,255.28
Personal Care,11/14/2015,4209,81.73
Clothes,2/6/2013,3605,109.28
Vegetables,11/6/2011,5794,154.06
Office Supplies,8/13/2010,8906,651.21
Personal Care,7/20/2016,3104,81.73
Clothes,5/14/2011,5578,109.28
Meat,9/12/2015,5553,421.89
Office Supplies,3/1/2017,9284,651.21
Beverages,1/12/2012,5057,47.45
Personal Care,7/22/2016,8189,81.73
Personal Care,3/14/2010,6028,81.73
Fruits,2/19/2015,2956,9.33
Clothes,9/27/2016,5382,109.28
Vegetables,10/24/2012,6749,154.06
Clothes,5/14/2017,2531,109.28
Fruits,5/25/2011,5233,9.33
Office Supplies,10/29/2014,9391,651.21
Fruits,7/30/2014,6572,9.33
Vegetables,10/7/2013,374,154.06
Office Supplies,10/20/2012,1429,651.21
Baby Food,2/24/2013,2396,255.28
Personal Care,7/23/2013,2969,81.73
Meat,11/2/2013,4870,421.89
Cosmetics,1/28/2011,6856,437.20
Clothes,1/2/2011,9711,109.28
Personal Care,8/16/2016,1253,81.73
Meat,11/13/2016,1332,421.89
Household,1/29/2013,6826,668.27
Baby Food,4/1/2015,6647,255.28
Vegetables,6/30/2015,6737,154.06
Cereal,7/12/2010,6652,205.70
Snacks,1/11/2010,8517,152.58
Fruits,1/10/2017,4734,9.33
Household,10/28/2013,1400,668.27
Household,4/15/2010,1647,668.27
Meat,5/9/2017,634,421.89
Vegetables,12/9/2012,555,154.06
Vegetables,11/25/2013,5633,154.06
Household,8/24/2011,7122,668.27
Fruits,10/17/2013,8310,9.33
Baby Food,2/5/2010,9513,255.28
Household,2/6/2014,3080,668.27
Fruits,11/22/2013,8392,9.33
Fruits,10/14/2013,6858,9.33
Vegetables,5/14/2015,6921,154.06
Baby Food,9/16/2013,9056,255.28
Household,4/26/2016,767,668.27
Clothes,8/14/2016,1589,109.28
Personal Care,11/18/2012,8092,81.73
Vegetables,1/7/2012,8872,154.06
Cosmetics,8/23/2010,9560,437.20
Baby Food,1/4/2014,7818,255.28
Cereal,1/31/2017,8336,205.70
Baby Food,11/21/2015,7840,255.28
Snacks,4/19/2011,85,152.58
Fruits,10/28/2012,855,9.33
Snacks,2/14/2012,2969,152.58
Fruits,1/15/2017,1274,9.33
Cereal,1/1/2010,7652,205.70
Personal Care,5/8/2012,6014,81.73
Fruits,6/4/2012,7300,9.33
Fruits,10/6/2014,4486,9.33
Baby Food,8/14/2013,7576,255.28
Vegetables,11/18/2011,8607,154.06
Meat,4/14/2017,6644,421.89
Vegetables,12/2/2015,2789,154.06
Snacks,11/12/2013,5169,152.58
Household,9/13/2010,3946,668.27
Clothes,11/5/2010,6313,109.28
Meat,3/23/2012,1494,421.89
Clothes,1/12/2010,5742,109.28
Snacks,9/4/2015,7345,152.58
Cosmetics,2/13/2015,1619,437.20
Cosmetics,7/18/2010,5914,437.20
Cereal,7/21/2016,4609,205.70
Baby Food,12/12/2010,4115,255.28
Cosmetics,3/31/2014,7875,437.20
Office Supplies,3/3/2010,1362,651.21
Beverages,1/1/2010,7081,47.45
Office Supplies,12/16/2010,9569,651.21
Clothes,2/3/2015,393,109.28
Personal Care,5/21/2010,3151,81.73
Household,5/21/2012,8473,668.27
Vegetables,12/28/2014,9020,154.06
Vegetables,12/10/2016,4485,154.06
Snacks,6/26/2010,6592,152.58
Vegetables,6/4/2015,4095,154.06
Beverages,10/7/2014,7780,47.45
Baby Food,7/10/2011,5465,255.28
Vegetables,5/1/2017,6999,154.06
Fruits,10/30/2010,9260,9.33
Meat,2/22/2017,1162,421.89
Baby Food,4/4/2013,8645,255.28
Office Supplies,1/26/2015,9683,651.21
Household,1/15/2013,9282,668.27
Cereal,11/6/2013,4477,205.70
Meat,11/15/2013,9336,421.89
Fruits,7/24/2010,9958,9.33
Household,10/10/2013,9472,668.27
Cereal,9/27/2011,3039,205.70
Snacks,8/28/2012,2853,152.58
Baby Food,9/1/2010,3136,255.28
Personal Care,4/28/2012,5143,81.73
Household,2/6/2010,2161,668.27
Cosmetics,6/21/2016,4506,437.20
Beverages,9/6/2014,4529,47.45
Household,7/19/2015,1607,668.27
Baby Food,10/20/2015,7153,255.28
Clothes,1/12/2017,9610,109.28
Fruits,4/27/2014,9449,9.33
Baby Food,3/1/2015,4178,255.28
Office Supplies,12/26/2012,3330,651.21
Clothes,8/19/2013,3475,109.28
Cosmetics,6/11/2016,3210,437.20
Beverages,6/18/2010,8166,47.45
Baby Food,2/1/2016,6004,255.28
Office Supplies,2/18/2013,1415,651.21
Beverages,10/9/2012,1124,47.45
Personal Care,11/18/2015,8886,81.73
Baby Food,10/28/2016,486,255.28
Beverages,10/29/2014,8743,47.45
Clothes,3/2/2010,8504,109.28
Fruits,7/24/2015,1649,9.33
Household,6/27/2014,2091,668.27
Meat,6/4/2010,770,421.89
Snacks,6/29/2015,661,152.58
Cereal,5/14/2016,1769,205.70
Fruits,12/9/2015,6129,9.33
Office Supplies,5/15/2014,2809,651.21
Office Supplies,11/21/2012,2908,651.21
Vegetables,1/7/2010,4556,154.06
Beverages,11/22/2012,7914,47.45
Snacks,10/19/2010,173,152.58
Clothes,10/19/2016,559,109.28
Fruits,12/12/2010,5325,9.33
Snacks,3/20/2012,2758,152.58
Baby Food,2/26/2014,8175,255.28
Beverages,5/13/2011,8924,47.45
Cereal,11/14/2010,9387,205.70
Vegetables,3/14/2013,5973,154.06
Cosmetics,2/25/2016,2126,437.20
Vegetables,1/6/2011,3318,154.06
Beverages,8/27/2016,2055,47.45
Household,2/18/2015,2873,668.27
Meat,1/30/2016,7339,421.89
Baby Food,1/18/2015,9052,255.28
Baby Food,6/10/2012,8641,255.28
Beverages,4/20/2017,8769,47.45
Fruits,3/24/2013,9127,9.33
Vegetables,3/7/2015,1438,154.06
Household,9/1/2012,4459,668.27
Vegetables,6/6/2011,8974,154.06
Personal Care,6/18/2014,2802,81.73
Office Supplies,9/11/2010,5790,651.21
Baby Food,8/16/2016,4820,255.28
Cosmetics,12/12/2011,8801,437.20
Clothes,7/1/2011,3677,109.28
Personal Care,1/13/2016,7420,81.73
Vegetables,1/10/2016,5037,154.06
Household,7/28/2010,3562,668.27
Cereal,3/12/2011,7064,205.70
Beverages,5/5/2015,1640,47.45
Snacks,3/1/2010,422,152.58
Beverages,3/2/2014,8569,47.45
Clothes,6/24/2015,3763,109.28
Clothes,6/22/2013,6288,109.28
Vegetables,6/15/2014,9136,154.06
Personal Care,9/29/2015,2624,81.73
Fruits,9/26/2015,9102,9.33
Fruits,2/6/2010,7948,9.33
Baby Food,9/20/2010,574,255.28
Vegetables,8/8/2011,5423,154.06
Household,5/28/2015,2968,668.27
Personal Care,6/24/2014,713,81.73
Cosmetics,5/25/2017,8196,437.20
Cereal,11/10/2014,1984,205.70
Cosmetics,10/9/2013,674,437.20
Beverages,10/3/2010,9898,47.45
Cereal,1/23/2011,7315,205.70
Beverages,3/24/2017,7619,47.45
Baby Food,2/17/2010,7533,255.28
Meat,5/12/2013,813,421.89
Beverages,9/21/2013,3243,47.45
Cereal,6/6/2010,7642,205.70
Office Supplies,5/5/2011,8858,651.21
Personal Care,1/7/2014,8771,81.73
Beverages,2/3/2017,1293,47.45
Beverages,6/21/2016,7364,47.45
Personal Care,9/11/2016,9961,81.73
Office Supplies,1/7/2012,9086,651.21
Vegetables,11/23/2012,6776,154.06
Meat,12/4/2011,2099,421.89
Clothes,5/4/2010,6153,109.28
Cosmetics,3/20/2014,7069,437.20
Vegetables,7/24/2015,5006,154.06
Cosmetics,3/24/2011,7159,437.20
Cosmetics,4/11/2014,2749,437.20
Baby Food,5/2/2012,8033,255.28
Cereal,10/22/2016,1296,205.70
Baby Food,8/31/2013,7855,255.28
Beverages,8/27/2012,5060,47.45
Fruits,3/27/2013,7290,9.33
Beverages,12/5/2015,956,47.45
Vegetables,12/16/2010,9501,154.06
Vegetables,5/3/2012,8399,154.06
Baby Food,3/17/2016,153,255.28
Baby Food,3/17/2012,9301,255.28
Office Supplies,7/17/2017,7410,651.21
Household,8/12/2012,8078,668.27
Personal Care,12/21/2012,1935,81.73
Personal Care,7/7/2012,1643,81.73
Vegetables,7/23/2017,6893,154.06
Baby Food,10/9/2012,9410,255.28
Cosmetics,5/22/2010,7948,437.20
Snacks,2/19/2016,3293,152.58
Office Supplies,4/21/2010,3264,651.21
Clothes,2/8/2012,7707,109.28
Baby Food,4/27/2015,3504,255.28
Baby Food,10/16/2014,9565,255.28
Clothes,3/17/2010,1834,109.28
Beverages,6/22/2017,8282,47.45
Fruits,11/29/2011,3916,9.33
Vegetables,5/4/2015,5772,154.06
Clothes,7/24/2016,7916,109.28
Snacks,1/9/2013,6448,152.58
Fruits,8/7/2014,4497,9.33
Baby Food,1/26/2017,7224,255.28
Meat,7/5/2013,6823,421.89
Clothes,3/11/2013,7516,109.28
Cereal,2/6/2015,558,205.70
Cosmetics,9/16/2011,9236,437.20
Fruits,6/28/2015,3867,9.33
Snacks,4/7/2017,6800,152.58
Baby Food,9/13/2012,7413,255.28
Cosmetics,9/6/2013,7120,437.20
Cosmetics,3/21/2014,4361,437.20
Vegetables,12/17/2016,9611,154.06
Fruits,4/9/2014,374,9.33
Cosmetics,9/17/2014,6187,437.20
Personal Care,7/22/2016,3617,81.73
Office Supplies,7/29/2011,1263,651.21
Cereal,7/10/2011,4754,205.70
Office Supplies,1/31/2014,1752,651.21
Personal Care,3/23/2014,6948,81.73
Vegetables,7/14/2015,7067,154.06
Household,4/27/2011,5864,668.27
Cereal,2/4/2011,9125,205.70
Meat,1/30/2014,9666,421.89
Vegetables,12/26/2012,2337,154.06
Cosmetics,12/14/2012,9018,437.20
Office Supplies,8/8/2012,3620,651.21
Meat,6/2/2015,7084,421.89
Personal Care,10/19/2010,2385,81.73
Beverages,9/17/2015,9528,47.45
Personal Care,4/29/2010,548,81.73
Clothes,7/12/2017,4514,109.28
Fruits,10/31/2015,2523,9.33
Cereal,4/25/2011,2706,205.70
Beverages,2/16/2011,5224,47.45
Personal Care,2/16/2012,7269,81.73
Clothes,3/23/2012,8064,109.28
Beverages,3/13/2014,3865,47.45
Personal Care,4/19/2014,2958,81.73
Cosmetics,8/24/2013,661,437.20
Cereal,6/3/2014,4321,205.70
Personal Care,1/27/2016,8318,81.73
Clothes,7/22/2011,9065,109.28
Clothes,10/23/2013,2,109.28
Personal Care,2/17/2014,6605,81.73
Vegetables,3/27/2016,1377,154.06
Household,5/1/2017,8855,668.27
Meat,11/26/2011,606,421.89
Meat,8/26/2010,229,421.89
Vegetables,12/22/2013,8354,154.06
Meat,10/10/2015,7642,421.89
Personal Care,10/16/2014,7785,81.73
Beverages,11/3/2010,506,47.45
Beverages,2/26/2016,4562,47.45
Personal Care,9/29/2013,737,81.73
Office Supplies,3/11/2014,6850,651.21
Cosmetics,12/27/2013,2749,437.20
Cosmetics,6/28/2014,5313,437.20
Cereal,7/14/2010,3455,205.70
Meat,10/25/2011,2269,421.89
Office Supplies,11/5/2015,5921,651.21
Fruits,1/2/2013,1106,9.33
Household,10/30/2014,1893,668.27
Baby Food,3/7/2011,4380,255.28
Clothes,12/8/2011,1697,109.28
Cosmetics,11/16/2012,9005,437.20
Personal Care,8/24/2014,8496,81.73
Beverages,5/18/2011,4394,47.45
Personal Care,3/13/2017,7954,81.73
Fruits,1/3/2017,2462,9.33
Baby Food,9/17/2015,8235,255.28
Personal Care,9/11/2011,7623,81.73
Beverages,10/11/2015,4,47.45
Meat,2/12/2017,6791,421.89
Cosmetics,4/22/2017,6424,437.20
Cosmetics,6/3/2011,9379,437.20
Cosmetics,7/14/2014,3160,437.20
Vegetables,6/30/2012,7303,154.06
Fruits,2/26/2011,8376,9.33
Snacks,6/2/2017,4977,152.58
Office Supplies,10/5/2012,2735,651.21
Beverages,1/3/2010,9313,47.45
Meat,9/10/2011,9402,421.89
Snacks,11/2/2013,9726,152.58
Beverages,4/27/2017,4041,47.45
Office Supplies,7/6/2016,8131,651.21
Cereal,8/19/2010,4815,205.70
Vegetables,2/9/2015,8942,154.06
Beverages,5/11/2012,2390,47.45
Cereal,2/27/2016,9072,205.70
Fruits,11/3/2014,9929,9.33
Household,12/12/2012,7935,668.27
Personal Care,4/22/2012,3095,81.73
Cereal,10/21/2015,7446,205.70
Fruits,1/12/2016,54,9.33
Baby Food,3/22/2014,2018,255.28
Fruits,6/16/2016,1469,9.33
Clothes,9/28/2014,8566,109.28
Vegetables,7/1/2013,504,154.06
Meat,8/25/2010,6505,421.89
Baby Food,7/12/2016,2823,255.28
Cosmetics,4/5/2012,7746,437.20
Personal Care,2/7/2014,6591,81.73
Office Supplies,8/28/2016,6706,651.21
Cereal,10/23/2011,2471,205.70
Household,3/24/2015,298,668.27
Vegetables,2/18/2017,3628,154.06
Baby Food,5/26/2016,7936,255.28
Clothes,9/26/2016,5725,109.28
Office Supplies,5/10/2015,1533,651.21
Clothes,4/24/2014,6927,109.28
Meat,9/25/2016,5505,421.89
Fruits,6/15/2015,7898,9.33
Personal Care,12/7/2011,6765,81.73
Cereal,6/30/2012,1801,205.70
Baby Food,12/14/2016,4728,255.28
Clothes,10/27/2014,4301,109.28
Meat,10/29/2011,1307,421.89
Personal Care,12/23/2010,3562,81.73
Snacks,5/6/2016,916,152.58
Meat,2/17/2014,248,421.89
Vegetables,4/29/2014,469,154.06
Vegetables,8/14/2016,7523,154.06
Cosmetics,3/14/2014,9382,437.20
Household,9/3/2012,1051,668.27
Fruits,2/23/2011,9566,9.33
Household,7/26/2013,8996,668.27
Fruits,5/20/2017,5438,9.33
Meat,4/25/2017,2022,421.89
Personal Care,9/22/2016,3910,81.73
Snacks,4/3/2016,3293,152.58
Vegetables,1/13/2010,4396,154.06
Fruits,3/12/2012,8474,9.33
Office Supplies,3/17/2015,8812,651.21
Baby Food,5/26/2016,5728,255.28
Personal Care,3/3/2014,1571,81.73
Cereal,10/1/2011,5720,205.70
Cereal,6/15/2013,9586,205.70
Vegetables,4/18/2013,1613,154.06
Cosmetics,12/4/2013,2273,437.20
Fruits,4/9/2015,9071,9.33
Clothes,10/3/2010,1544,109.28
Cereal,10/19/2013,6260,205.70
Office Supplies,3/2/2016,1815,651.21
Beverages,6/23/2014,3841,47.45
Personal Care,12/23/2013,9999,81.73
Meat,3/16/2017,4981,421.89
Meat,8/12/2012,5510,421.89
Office Supplies,3/23/2016,5342,651.21
Beverages,10/31/2014,263,47.45
Snacks,3/25/2015,3090,152.58
Personal Care,2/16/2010,8671,81.73
Snacks,3/27/2012,8887,152.58
Beverages,8/11/2012,7648,47.45
Fruits,9/25/2014,5898,9.33
Baby Food,7/28/2015,6609,255.28
Meat,12/12/2016,9787,421.89
Clothes,3/8/2014,7468,109.28
Beverages,1/4/2015,8719,47.45
Snacks,2/1/2013,4638,152.58
Personal Care,7/3/2014,3356,81.73
Clothes,4/4/2011,5034,109.28
Cosmetics,5/6/2015,6864,437.20
Office Supplies,2/11/2017,8070,651.21
Fruits,10/7/2011,4906,9.33
Baby Food,9/13/2010,5659,255.28
Cosmetics,1/12/2015,5647,437.20
Baby Food,10/18/2011,2217,255.28
Snacks,8/5/2015,9749,152.58
Snacks,10/20/2011,4656,152.58
Cereal,5/12/2013,379,205.70
Household,7/27/2011,2391,668.27
Meat,2/19/2010,3199,421.89
Vegetables,11/6/2013,7337,154.06
Fruits,3/12/2017,6373,9.33
Household,9/20/2015,3906,668.27
Office Supplies,5/27/2017,566,651.21
Beverages,2/20/2016,9014,47.45
Clothes,9/3/2010,8942,109.28
Fruits,12/20/2015,2074,9.33
Snacks,12/17/2013,7165,152.58
Household,5/20/2010,5001,668.27
Beverages,10/24/2015,3399,47.45
Household,8/8/2011,2208,668.27
Baby Food,4/1/2014,8307,255.28
Clothes,1/7/2011,609,109.28
Beverages,10/1/2016,5055,47.45
Cereal,1/22/2017,9619,205.70
Cosmetics,7/21/2017,9305,437.20
Meat,5/2/2017,1151,421.89
Baby Food,10/12/2012,9223,255.28
Clothes,6/26/2016,9620,109.28
Office Supplies,8/6/2015,5472,651.21
Cosmetics,6/23/2013,1940,437.20
Vegetables,10/7/2010,1216,154.06
Beverages,9/27/2016,7524,47.45
Cereal,3/29/2015,2119,205.70
Snacks,11/18/2013,8288,152.58
Cosmetics,7/26/2017,6346,437.20
Household,2/11/2017,8644,668.27
Office Supplies,10/9/2015,4560,651.21
Snacks,4/7/2010,5507,152.58
Household,5/1/2017,9926,668.27
Office Supplies,11/25/2016,8291,651.21
Meat,6/24/2016,8107,421.89
Fruits,1/23/2017,8910,9.33
Cosmetics,12/1/2016,7268,437.20
Cosmetics,5/22/2015,1779,437.20
Household,8/29/2016,8073,668.27
Meat,11/5/2010,3811,421.89
Clothes,8/15/2015,3685,109.28
Vegetables,11/12/2011,4419,154.06
Cereal,8/8/2015,9769,205.70
Household,8/16/2013,5520,668.27
Clothes,9/22/2012,4489,109.28
Baby Food,3/12/2013,1525,255.28
Baby Food,8/3/2012,8509,255.28
Beverages,2/11/2017,9350,47.45
Office Supplies,2/6/2015,4993,651.21
Meat,2/4/2011,8409,421.89
Personal Care,6/29/2014,9605,81.73
Personal Care,1/12/2013,615,81.73
Clothes,6/17/2014,509,109.28
Beverages,6/5/2012,383,47.45
Cereal,1/8/2013,8369,205.70
Beverages,10/26/2015,4627,47.45
Fruits,2/3/2010,6349,9.33
Personal Care,6/26/2016,2760,81.73
Clothes,1/17/2015,114,109.28
Baby Food,3/8/2017,6697,255.28
Household,12/25/2014,852,668.27
Clothes,4/11/2012,153,109.28
Cereal,6/2/2016,2139,205.70
Cereal,1/22/2010,255,205.70
Office Supplies,10/13/2014,9972,651.21
Vegetables,8/2/2011,3797,154.06
Meat,10/26/2012,6265,421.89
Beverages,12/22/2012,8944,47.45
Baby Food,3/6/2015,5433,255.28
Clothes,4/2/2012,6360,109.28
Vegetables,3/30/2013,4388,154.06
Personal Care,11/24/2016,9209,81.73
Household,6/15/2015,2546,668.27
Cereal,7/28/2013,3154,205.70
Beverages,12/25/2016,1820,47.45
Meat,7/19/2013,6360,421.89
Household,11/27/2014,6624,668.27
Clothes,11/2/2014,9492,109.28
Office Supplies,10/3/2015,3873,651.21
Household,5/10/2017,5712,668.27
Cosmetics,10/26/2012,2981,437.20
Snacks,5/2/2015,685,152.58
Office Supplies,6/20/2012,2575,651.21
Office Supplies,1/23/2016,6927,651.21
Meat,5/9/2014,2047,421.89
Beverages,9/13/2010,3095,47.45
Beverages,4/28/2013,2264,47.45
Household,5/6/2016,3777,668.27
Cosmetics,3/9/2011,8890,437.20
Office Supplies,1/10/2013,888,651.21
Meat,8/20/2011,89,421.89
Baby Food,12/18/2012,8842,255.28
Beverages,9/9/2012,6526,47.45
Clothes,2/14/2015,4553,109.28
Fruits,4/8/2014,1364,9.33
Clothes,10/12/2012,7435,109.28
Baby Food,8/4/2010,268,255.28
Baby Food,4/8/2016,9402,255.28
Office Supplies,12/8/2012,1402,651.21
Cosmetics,1/31/2015,4868,437.20
Personal Care,10/1/2011,5429,81.73
Personal Care,10/5/2015,747,81.73
Fruits,7/5/2014,5514,9.33
Vegetables,8/3/2011,6453,154.06
Beverages,6/14/2015,7321,47.45
Meat,11/20/2012,3901,421.89
Beverages,9/12/2010,9013,47.45
Household,9/25/2016,7505,668.27
Fruits,6/1/2013,1256,9.33
Cosmetics,7/8/2014,4177,437.20
Clothes,12/10/2015,7212,109.28
Cosmetics,8/31/2014,3334,437.20
Snacks,7/4/2012,2547,152.58
Household,5/10/2012,6888,668.27
Snacks,5/20/2014,5423,152.58
Fruits,3/28/2012,9253,9.33
Clothes,1/6/2012,6506,109.28
Fruits,4/11/2013,7344,9.33
Meat,11/19/2012,8959,421.89
Beverages,4/29/2016,575,47.45
Office Supplies,3/24/2011,8447,651.21
Cosmetics,7/25/2016,860,437.20
Snacks,9/27/2010,3133,152.58
Personal Care,1/25/2011,2613,81.73
Snacks,1/3/2017,3681,152.58
Household,12/9/2013,2747,668.27
Cosmetics,10/21/2014,3255,437.20
Office Supplies,11/24/2010,678,651.21
Office Supplies,7/3/2013,7521,651.21
Snacks,4/6/2012,8319,152.58
Clothes,10/20/2016,4640,109.28
Personal Care,2/9/2015,84,81.73
Fruits,2/24/2015,5279,9.33
Baby Food,10/28/2010,2887,255.28
Household,1/9/2016,2600,668.27
Vegetables,6/1/2015,6142,154.06
Personal Care,8/29/2013,2268,81.73
Office Supplies,6/26/2016,1764,651.21
Cosmetics,10/3/2011,2447,437.20
Beverages,2/9/2011,4166,47.45
Household,11/25/2015,3801,668.27
Cosmetics,5/24/2013,263,437.20
Personal Care,11/10/2010,9494,81.73
Meat,8/16/2016,9468,421.89
Household,8/2/2013,5190,668.27
Personal Care,12/26/2015,3696,81.73
Cereal,8/17/2012,9053,205.70
Fruits,2/10/2016,7360,9.33
Snacks,7/31/2013,1747,152.58
Beverages,12/21/2015,7375,47.45
Clothes,5/8/2016,6436,109.28
Personal Care,6/4/2016,3155,81.73
Office Supplies,3/5/2015,8785,651.21
Fruits,8/25/2012,6613,9.33
Baby Food,9/30/2013,6957,255.28
Meat,11/10/2016,2165,421.89
Personal Care,1/31/2010,1617,81.73
Snacks,11/16/2012,6723,152.58
Beverages,9/4/2011,5928,47.45
Vegetables,9/14/2016,9703,154.06
Personal Care,9/30/2012,5554,81.73
Baby Food,12/13/2015,3018,255.28
Snacks,1/1/2017,8660,152.58
Vegetables,4/2/2015,1081,154.06
Household,11/18/2014,5910,668.27
Snacks,7/30/2013,808,152.58
Snacks,11/14/2013,468,152.58
Personal Care,10/14/2011,1612,81.73
Baby Food,10/10/2015,7997,255.28
Personal Care,8/17/2012,5408,81.73
Fruits,9/18/2016,6662,9.33
Office Supplies,3/5/2013,6609,651.21
Clothes,9/18/2014,7128,109.28
Personal Care,5/22/2012,2129,81.73
Fruits,4/3/2017,2557,9.33
Cereal,2/18/2011,1383,205.70
Fruits,12/30/2010,8614,9.33
Beverages,2/26/2012,6285,47.45
Cereal,10/12/2014,3463,205.70
Household,7/11/2012,1248,668.27
Household,6/24/2011,7769,668.27
Snacks,3/19/2011,3187,152.58
Beverages,2/25/2016,4695,47.45
Meat,8/22/2016,1515,421.89
Personal Care,6/3/2016,8148,81.73
Baby Food,2/1/2013,1563,255.28
Household,3/14/2015,7498,668.27
Cosmetics,8/22/2014,334,437.20
Vegetables,12/7/2011,6481,154.06
Meat,6/13/2012,9381,421.89
Personal Care,1/22/2015,4509,81.73
Household,11/24/2015,4369,668.27
Vegetables,3/6/2012,3497,154.06
Clothes,7/13/2013,3462,109.28
Vegetables,7/6/2015,7860,154.06
Beverages,12/12/2010,7323,47.45
Beverages,6/13/2016,4511,47.45
Beverages,8/15/2015,9117,47.45
Cosmetics,11/6/2015,2864,437.20
Cosmetics,3/21/2014,4507,437.20
Cereal,6/17/2016,4833,205.70
Cosmetics,6/8/2010,1659,437.20
Vegetables,5/11/2015,4833,154.06
Clothes,6/8/2017,1235,109.28
Cosmetics,7/4/2011,9777,437.20
Clothes,5/29/2012,6401,109.28
Beverages,5/1/2013,9080,47.45
Household,4/23/2012,2819,668.27
Office Supplies,1/7/2016,4655,651.21
Snacks,4/6/2013,8655,152.58
Vegetables,8/19/2016,917,154.06
Vegetables,4/13/2013,4572,154.06
Baby Food,2/21/2014,4780,255.28
Snacks,4/13/2012,3734,152.58
Household,12/23/2016,5657,668.27
Snacks,1/25/2012,1805,152.58
Cosmetics,9/28/2012,5464,437.20
Clothes,5/1/2016,6950,109.28
Cosmetics,8/27/2013,8613,437.20
Meat,7/12/2015,9832,421.89
Cosmetics,2/9/2011,2019,437.20
Beverages,2/17/2017,3616,47.45
Cereal,7/12/2013,5096,205.70
Office Supplies,5/19/2015,3965,651.21
Cereal,2/6/2016,9759,205.70
Office Supplies,12/19/2013,9044,651.21
Household,11/22/2015,420,668.27
Beverages,11/30/2010,9516,47.45
Fruits,11/13/2011,3995,9.33
Household,9/14/2013,8547,668.27
Baby Food,6/15/2012,9896,255.28
Cosmetics,7/27/2016,1799,437.20
Snacks,11/2/2012,40,152.58
Clothes,8/20/2015,7437,109.28
Office Supplies,2/1/2010,8838,651.21
Office Supplies,6/27/2016,6124,651.21
Cosmetics,9/27/2010,3206,437.20
Baby Food,6/21/2011,1026,255.28
Cereal,8/26/2015,2558,205.70
Beverages,7/13/2017,7806,47.45
Vegetables,6/4/2012,8807,154.06
Meat,8/26/2015,4628,421.89
Vegetables,4/14/2013,6368,154.06
Clothes,6/2/2011,2156,109.28
Personal Care,3/11/2017,2154,81.73
Meat,4/26/2012,3555,421.89
Cosmetics,6/6/2017,5581,437.20
Fruits,7/31/2012,4487,9.33
Cereal,10/2/2016,8561,205.70
Fruits,11/29/2015,3118,9.33
Baby Food,3/25/2012,5509,255.28
Personal Care,9/29/2012,112,81.73
Fruits,5/26/2010,3339,9.33
Baby Food,7/27/2010,8632,255.28
Beverages,2/13/2012,1465,47.45
Cereal,3/12/2011,4342,205.70
Cereal,7/26/2012,1801,205.70
Baby Food,9/25/2010,5408,255.28
Fruits,5/22/2016,8761,9.33
Beverages,12/22/2014,9260,47.45
Fruits,9/11/2015,8758,9.33
Cosmetics,10/3/2016,2710,437.20
Baby Food,4/2/2015,9871,255.28
Beverages,11/28/2016,1027,47.45
Fruits,2/28/2017,3996,9.33
Beverages,7/5/2012,8625,47.45
Baby Food,11/15/2011,1795,255.28
Office Supplies,2/2/2010,2417,651.21
Baby Food,6/8/2014,6433,255.28
Personal Care,7/6/2010,1817,81.73
Beverages,7/5/2011,3574,47.45
Office Supplies,7/11/2016,8740,651.21
Beverages,5/15/2014,1382,47.45
Personal Care,1/21/2010,7600,81.73
Baby Food,6/16/2013,522,255.28
Vegetables,10/14/2012,5310,154.06
Baby Food,4/4/2016,4157,255.28
Baby Food,6/6/2010,1285,255.28
Meat,1/1/2017,7951,421.89
Vegetables,4/23/2013,7439,154.06
Household,10/27/2011,68,668.27
Cereal,12/4/2010,8186,205.70
Personal Care,11/13/2013,1173,81.73
Personal Care,5/20/2017,440,81.73
Baby Food,6/27/2015,4429,255.28
Cereal,10/30/2010,3615,205.70
Meat,11/28/2010,5501,421.89
Office Supplies,9/22/2016,9625,651.21
Fruits,5/29/2011,2553,9.33
Cosmetics,1/2/2017,2884,437.20
Office Supplies,12/29/2014,6248,651.21
Beverages,8/18/2010,306,47.45
Household,1/5/2014,9751,668.27
Personal Care,8/7/2013,1305,81.73
Household,4/7/2010,8725,668.27
Vegetables,7/11/2013,7796,154.06
Meat,1/9/2015,1336,421.89
Personal Care,1/18/2015,4193,81.73
Vegetables,2/28/2011,8246,154.06
Beverages,2/18/2017,7408,47.45
Beverages,9/23/2013,2621,47.45
Office Supplies,1/24/2013,6858,651.21
Clothes,12/18/2016,123,109.28
Beverages,3/3/2013,4454,47.45
Cereal,12/28/2016,8918,205.70
Cosmetics,7/8/2014,4613,437.20
Baby Food,10/30/2011,9669,255.28
Meat,1/27/2016,4247,421.89
Vegetables,7/12/2016,5540,154.06
Cereal,2/13/2011,2771,205.70
Meat,3/8/2010,2195,421.89
Snacks,7/22/2017,2099,152.58
Snacks,8/20/2011,7799,152.58
Meat,4/23/2017,6644,421.89
Fruits,4/28/2011,3015,9.33
Vegetables,11/29/2016,3322,154.06
Clothes,9/25/2016,1008,109.28
Meat,3/24/2017,1546,421.89
Household,7/14/2014,7441,668.27
Baby Food,6/6/2013,3229,255.28
Vegetables,12/25/2015,479,154.06
Office Supplies,3/2/2010,2787,651.21
Snacks,7/14/2011,785,152.58
Cosmetics,12/22/2013,7133,437.20
Beverages,3/28/2016,1524,47.45
Vegetables,7/25/2010,5682,154.06
Baby Food,10/3/2016,8360,255.28
Baby Food,4/5/2010,347,255.28
Meat,10/15/2016,9457,421.89
Household,2/18/2010,5542,668.27
Office Supplies,5/9/2014,5479,651.21
Clothes,9/20/2016,8181,109.28
Meat,12/6/2016,9590,421.89
Office Supplies,9/27/2015,7679,651.21
Vegetables,3/8/2011,7454,154.06
Household,7/4/2017,5950,668.27
Cereal,12/13/2015,7235,205.70
Baby Food,7/11/2011,7407,255.28
Snacks,2/8/2014,9597,152.58
Beverages,11/27/2011,8965,47.45
Office Supplies,2/18/2013,7704,651.21
Meat,12/6/2011,38,421.89
Fruits,11/4/2014,7221,9.33
Household,5/8/2014,2540,668.27
Clothes,5/9/2015,6311,109.28
Cosmetics,3/28/2016,884,437.20
Snacks,9/6/2012,5639,152.58
Fruits,7/23/2016,1986,9.33
Fruits,4/26/2014,8368,9.33
Fruits,3/4/2016,5258,9.33
Household,6/27/2014,162,668.27
Beverages,4/3/2010,2616,47.45
Fruits,11/21/2016,9186,9.33
Beverages,1/8/2011,8472,47.45
Cereal,12/22/2011,6104,205.70
Household,6/9/2017,9742,668.27
Beverages,10/17/2014,4080,47.45
Office Supplies,3/21/2015,5839,651.21
Fruits,1/4/2012,8777,9.33
Baby Food,9/7/2014,8678,255.28
Office Supplies,11/21/2014,8360,651.21
Baby Food,11/27/2012,2672,255.28
Office Supplies,11/17/2013,3493,651.21
Beverages,6/5/2016,4735,47.45
Baby Food,6/18/2016,7340,255.28
Snacks,12/15/2010,4282,152.58
Clothes,11/15/2016,5566,109.28
Household,5/22/2014,3227,668.27
Beverages,3/28/2011,6333,47.45
Cosmetics,3/22/2016,5983,437.20
Meat,9/17/2012,306,421.89
Personal Care,6/5/2015,9465,81.73
Vegetables,8/23/2013,650,154.06
Cosmetics,11/8/2012,3086,437.20
Beverages,10/31/2015,3028,47.45
Snacks,4/6/2011,8762,152.58
Meat,5/27/2015,5604,421.89
Cosmetics,4/15/2015,905,437.20
Cosmetics,5/16/2010,9043,437.20
Personal Care,4/29/2016,6430,81.73
Personal Care,10/20/2015,6509,81.73
Meat,10/9/2010,3664,421.89
Cereal,10/7/2014,7783,205.70
Beverages,2/17/2014,8675,47.45
Household,12/28/2011,9939,668.27
Cereal,4/27/2016,2204,205.70
Personal Care,6/12/2013,8132,81.73
Household,4/3/2017,7416,668.27
Clothes,6/1/2012,1778,109.28
Fruits,3/1/2011,9975,9.33
Fruits,8/27/2011,2791,9.33
Baby Food,11/21/2016,8044,255.28
Personal Care,10/20/2015,5583,81.73
Cereal,4/23/2017,2289,205.70
Vegetables,4/2/2016,7071,154.06
Fruits,4/30/2012,5872,9.33
Meat,11/12/2013,6666,421.89
Beverages,4/30/2011,4459,47.45
Baby Food,5/22/2011,6285,255.28
Meat,6/6/2010,6212,421.89
Personal Care,6/20/2013,340,81.73
Beverages,3/24/2015,1797,47.45
Personal Care,6/30/2011,5745,81.73
Baby Food,6/26/2010,4377,255.28
Cosmetics,11/25/2013,1916,437.20
Fruits,2/25/2013,9616,9.33
Fruits,11/12/2015,765,9.33
Baby Food,10/14/2011,5679,255.28
Office Supplies,6/15/2014,6707,651.21
Fruits,12/20/2011,3229,9.33
Cosmetics,3/17/2016,6656,437.20
Clothes,8/14/2013,5431,109.28
Personal Care,6/2/2014,26,81.73
Cereal,12/18/2010,7948,205.70
Personal Care,10/29/2011,8732,81.73
Office Supplies,4/11/2015,8945,651.21
Snacks,1/29/2013,7186,152.58
Beverages,12/31/2016,9085,47.45
Household,2/22/2017,2304,668.27
Fruits,1/19/2016,1533,9.33
Office Supplies,4/22/2017,3498,651.21
Baby Food,3/23/2014,1953,255.28
Clothes,4/25/2016,2685,109.28
Meat,3/24/2015,8509,421.89
Meat,3/30/2011,4276,421.89
Personal Care,1/26/2017,1865,81.73
Baby Food,3/12/2016,5187,255.28
Fruits,2/5/2012,5185,9.33
Office Supplies,11/21/2016,4832,651.21
Beverages,4/4/2017,4133,47.45
Household,1/30/2016,5124,668.27
Snacks,7/11/2013,6873,152.58
Vegetables,10/30/2010,478,154.06
Cereal,1/26/2014,4069,205.70
Beverages,4/3/2015,7807,47.45
Meat,3/26/2011,8885,421.89
Office Supplies,1/24/2015,6526,651.21
Meat,5/19/2014,6986,421.89
Beverages,1/4/2013,8550,47.45
Vegetables,1/27/2012,6535,154.06
Baby Food,9/27/2013,8291,255.28
Cosmetics,6/20/2017,8196,437.20
Baby Food,3/18/2016,2664,255.28
Household,5/5/2015,5134,668.27
Cosmetics,9/19/2013,1082,437.20
Meat,1/22/2015,3013,421.89
Vegetables,7/29/2016,5462,154.06
Clothes,10/2/2012,9996,109.28
Cosmetics,4/16/2014,215,437.20
Meat,1/5/2014,6748,421.89
Cosmetics,5/23/2013,2256,437.20
Household,3/5/2011,6432,668.27
Vegetables,9/29/2014,1000,154.06
Personal Care,8/13/2013,4714,81.73
Household,7/10/2013,8360,668.27
Household,6/19/2017,9756,668.27
Clothes,5/16/2014,8750,109.28
Beverages,3/1/2013,2223,47.45
Cereal,4/4/2016,9085,205.70
Cereal,10/9/2015,5279,205.70
Household,6/18/2012,8778,668.27
Household,12/12/2011,4588,668.27
Personal Care,4/25/2013,9744,81.73
Cereal,12/15/2012,8315,205.70
Office Supplies,11/19/2015,6397,651.21
Cosmetics,10/27/2016,7122,437.20
Meat,7/24/2011,5650,421.89
Clothes,11/18/2015,4175,109.28
Baby Food,5/6/2016,6918,255.28
Meat,12/9/2011,5137,421.89
Beverages,4/11/2010,2115,47.45
Meat,4/6/2016,8172,421.89
Snacks,2/21/2013,5655,152.58
Beverages,9/24/2011,3945,47.45
Cosmetics,5/1/2016,4452,437.20
Office Supplies,5/24/2013,5619,651.21
Cereal,2/18/2013,7920,205.70
Household,6/27/2015,8859,668.27
Office Supplies,11/14/2013,7973,651.21
Snacks,2/18/2014,1828,152.58
Beverages,8/13/2015,9025,47.45
Beverages,12/5/2014,5192,47.45
Beverages,4/30/2017,7990,47.45
Snacks,3/16/2010,2112,152.58
Personal Care,4/19/2012,4282,81.73
Baby Food,11/30/2016,8255,255.28
Snacks,11/6/2010,9816,152.58
Clothes,1/14/2016,1784,109.28
Fruits,1/18/2010,9006,9.33
Cereal,3/1/2013,3362,205.70
Office Supplies,6/9/2016,8764,651.21
Clothes,10/12/2015,6154,109.28
Fruits,9/23/2015,8506,9.33
Vegetables,7/16/2010,5825,154.06
Snacks,9/2/2010,146,152.58
Baby Food,4/16/2016,538,255.28
Clothes,6/25/2013,8098,109.28
Beverages,11/26/2015,956,47.45
Office Supplies,7/22/2015,9275,651.21
Snacks,11/11/2016,245,152.58
Beverages,3/4/2010,3092,47.45
Fruits,5/26/2013,4069,9.33
Fruits,3/27/2015,1462,9.33
Office Supplies,10/14/2016,590,651.21
Baby Food,8/30/2012,8801,255.28
Office Supplies,6/20/2017,475,651.21
Household,7/28/2016,2022,668.27
Baby Food,5/9/2015,6885,255.28
Fruits,9/2/2012,538,9.33
Household,3/31/2012,5486,668.27
Snacks,4/15/2011,6265,152.58
Household,11/6/2011,4442,668.27
Beverages,1/22/2017,3616,47.45
Cosmetics,3/5/2012,4417,437.20
Beverages,10/23/2013,9505,47.45
Snacks,2/20/2013,8574,152.58
Cereal,7/18/2017,3346,205.70
Cosmetics,7/17/2016,2578,437.20
Fruits,11/12/2015,7054,9.33
Personal Care,12/10/2010,4593,81.73
Cereal,6/1/2013,5042,205.70
Baby Food,1/24/2017,5282,255.28
Baby Food,9/26/2016,4225,255.28
Cosmetics,2/12/2012,7811,437.20
Cereal,7/16/2011,4016,205.70
Household,1/14/2013,7843,668.27
Vegetables,9/19/2015,6329,154.06
Snacks,12/16/2015,3542,152.58
Vegetables,3/14/2011,5579,154.06
Personal Care,4/26/2011,5572,81.73
Personal Care,2/5/2012,8680,81.73
Clothes,3/6/2014,7097,109.28
Cereal,9/10/2011,5046,205.70
Snacks,3/13/2011,3782,152.58
Snacks,9/26/2012,6591,152.58
Cosmetics,8/23/2013,3790,437.20
Meat,4/21/2012,7728,421.89
Clothes,12/18/2011,7785,109.28
Office Supplies,12/5/2016,5373,651.21
Vegetables,8/23/2013,8932,154.06
Clothes,4/29/2012,8938,109.28
Office Supplies,11/28/2012,2895,651.21
Meat,5/23/2016,339,421.89
Vegetables,6/19/2013,7837,154.06
Cosmetics,1/18/2011,3988,437.20
Cosmetics,4/30/2013,4423,437.20
Fruits,5/30/2010,6801,9.33
Personal Care,5/28/2012,5816,81.73
Beverages,5/3/2015,8191,47.45
Cosmetics,7/3/2012,7682,437.20
Baby Food,6/5/2013,73,255.28
Cosmetics,4/27/2017,8183,437.20
Cosmetics,11/25/2016,6860,437.20
Household,4/20/2017,7984,668.27
Beverages,2/25/2017,5466,47.45
Office Supplies,5/11/2012,249,651.21
Fruits,1/14/2015,5306,9.33
Snacks,11/13/2011,642,152.58
Cosmetics,4/23/2013,8293,437.20
Office Supplies,12/15/2011,7327,651.21
Vegetables,8/10/2016,8843,154.06
Baby Food,8/20/2010,969,255.28
Cereal,4/30/2016,3867,205.70
Office Supplies,5/25/2015,4731,651.21
Personal Care,4/30/2013,2782,81.73
Fruits,11/23/2012,4277,9.33
Clothes,5/11/2010,7500,109.28
Household,5/27/2014,7771,668.27
Fruits,1/23/2012,2437,9.33
Snacks,5/13/2010,5878,152.58
Meat,5/28/2017,4505,421.89
Office Supplies,11/2/2015,1761,651.21
Personal Care,2/6/2012,3119,81.73
Baby Food,6/24/2017,1085,255.28
Office Supplies,1/15/2014,194,651.21
Snacks,6/2/2011,2013,152.58
Clothes,9/23/2012,142,109.28
Baby Food,10/24/2010,5210,255.28
Beverages,9/14/2014,9879,47.45
Cosmetics,7/30/2015,3840,437.20
Baby Food,3/30/2013,8818,255.28
Beverages,5/15/2012,3567,47.45
Cereal,2/8/2011,8873,205.70
Personal Care,6/17/2012,2554,81.73
Personal Care,12/6/2012,4459,81.73
Cosmetics,11/14/2013,1467,437.20
Cereal,2/11/2010,2489,205.70
Office Supplies,7/4/2016,3468,651.21
Household,1/31/2011,2378,668.27
Snacks,8/8/2014,4223,152.58
Vegetables,1/7/2011,6039,154.06
Clothes,11/9/2011,1894,109.28
Personal Care,7/24/2014,7887,81.73
Cosmetics,11/9/2013,7147,437.20
Snacks,2/8/2013,4836,152.58
Beverages,12/12/2012,3145,47.45
Vegetables,1/31/2015,6299,154.06
Office Supplies,12/5/2010,5552,651.21
Beverages,9/2/2015,4191,47.45
Baby Food,6/30/2011,2533,255.28
Vegetables,12/9/2011,2926,154.06
Clothes,9/2/2012,4751,109.28
Snacks,6/5/2010,9418,152.58
Household,12/28/2011,3082,668.27
Office Supplies,10/22/2010,56,651.21
Clothes,10/24/2011,5830,109.28
Cereal,4/9/2013,6971,205.70
Household,7/13/2014,2077,668.27
Personal Care,3/14/2012,6779,81.73
Snacks,7/17/2011,8738,152.58
Meat,1/30/2015,2645,421.89
Office Supplies,4/10/2011,5225,651.21
Meat,2/21/2016,233,421.89
Office Supplies,6/23/2016,3455,651.21
Snacks,7/4/2011,7707,152.58
Vegetables,8/27/2016,7839,154.06
Meat,5/5/2014,5731,421.89
Personal Care,10/8/2010,5293,81.73
Fruits,12/26/2016,7469,9.33
Office Supplies,10/27/2014,5231,651.21
Personal Care,9/2/2013,8584,81.73
Clothes,6/2/2016,9566,109.28
Beverages,8/31/2015,7242,47.45
Cereal,8/19/2012,2713,205.70
Cosmetics,5/31/2013,4106,437.20
Beverages,1/1/2010,1585,47.45
Cosmetics,5/27/2014,2341,437.20
Office Supplies,12/15/2016,5597,651.21
Vegetables,11/11/2012,7609,154.06
Office Supplies,7/12/2013,6663,651.21
Cereal,6/29/2012,8076,205.70
Household,12/8/2011,9197,668.27
Office Supplies,4/23/2011,4406,651.21
Meat,2/20/2011,113,421.89
Cereal,10/18/2016,9762,205.70
Cereal,1/1/2012,8825,205.70
Personal Care,8/13/2015,9808,81.73
Fruits,4/9/2017,7247,9.33
Cosmetics,6/17/2011,2709,437.20
Baby Food,6/30/2017,9129,255.28
Cereal,1/26/2016,3378,205.70
Household,11/30/2010,2232,668.27
Cosmetics,12/28/2016,7414,437.20
Beverages,3/29/2016,7681,47.45
Baby Food,5/24/2014,3817,255.28
Snacks,6/16/2014,3641,152.58
Vegetables,12/3/2012,7001,154.06
Personal Care,2/23/2011,776,81.73
Office Supplies,7/17/2011,3878,651.21
Snacks,10/18/2013,2250,152.58
Meat,2/7/2011,3865,421.89
Cosmetics,8/22/2016,3727,437.20
Office Supplies,5/14/2014,8874,651.21
Beverages,10/21/2015,3372,47.45
Beverages,10/28/2010,3319,47.45
Baby Food,11/15/2016,1847,255.28
Vegetables,8/4/2014,4116,154.06
Fruits,3/10/2012,2318,9.33
Clothes,5/18/2011,677,109.28
Cosmetics,2/17/2011,448,437.20
Fruits,7/4/2011,4917,9.33
Baby Food,5/24/2017,4401,255.28
Vegetables,1/18/2012,1249,154.06
Beverages,11/7/2013,4842,47.45
Office Supplies,12/21/2011,6589,651.21
Personal Care,7/24/2015,4934,81.73
Clothes,2/17/2012,350,109.28
Meat,10/1/2016,342,421.89
Cosmetics,4/11/2015,4446,437.20
Cereal,7/20/2013,9229,205.70
Vegetables,11/29/2010,3291,154.06
Cosmetics,7/20/2011,2260,437.20
Personal Care,2/21/2013,3799,81.73
Household,8/27/2010,2599,668.27
Cosmetics,4/4/2015,5384,437.20
Cereal,9/4/2012,5910,205.70
Baby Food,6/6/2012,9961,255.28
Household,9/26/2013,356,668.27
Personal Care,11/18/2016,1943,81.73
Meat,11/9/2011,6603,421.89
Meat,6/6/2012,8245,421.89
Fruits,7/7/2014,7813,9.33
Snacks,1/29/2015,8280,152.58
Personal Care,12/12/2015,9652,81.73
Office Supplies,6/6/2012,3963,651.21
Household,4/10/2012,282,668.27
Baby Food,9/15/2016,9707,255.28
Personal Care,8/31/2016,369,81.73
Baby Food,9/22/2011,2428,255.28
Cereal,11/18/2013,3076,205.70
Office Supplies,6/26/2013,1537,651.21
Clothes,4/21/2013,4067,109.28
Vegetables,3/4/2017,8951,154.06
Clothes,1/21/2011,1507,109.28
Fruits,4/12/2012,9083,9.33
Fruits,9/22/2012,6059,9.33
Household,12/1/2012,8846,668.27
Beverages,8/28/2010,888,47.45
Clothes,5/17/2012,7656,109.28
Vegetables,3/22/2014,1657,154.06
Vegetables,5/26/2013,7426,154.06
Clothes,12/22/2011,6530,109.28
Cereal,1/24/2013,2569,205.70
Cosmetics,1/29/2017,6173,437.20
Office Supplies,5/2/2010,2,651.21
Office Supplies,4/20/2014,3748,651.21
Meat,8/21/2013,9136,421.89
Cereal,1/6/2013,4920,205.70
Fruits,8/1/2010,1886,9.33
Fruits,12/3/2016,7853,9.33
Fruits,5/21/2013,2667,9.33
Cosmetics,6/20/2016,3210,437.20
Beverages,6/9/2013,8393,47.45
Meat,7/24/2011,4157,421.89
Meat,8/6/2011,8477,421.89
Clothes,7/31/2011,6357,109.28
Clothes,8/12/2010,4834,109.28
Fruits,8/25/2012,7974,9.33
Office Supplies,2/18/2015,1877,651.21
Baby Food,10/15/2012,9672,255.28
Beverages,7/19/2016,6521,47.45
Clothes,11/28/2011,4615,109.28
Office Supplies,9/18/2015,8179,651.21
Cereal,10/23/2011,8468,205.70
Household,5/21/2015,8767,668.27
Fruits,3/12/2016,9394,9.33
Meat,8/17/2012,2697,421.89
Vegetables,7/4/2015,8057,154.06
Fruits,12/26/2013,6885,9.33
Baby Food,3/25/2017,7622,255.28
Baby Food,9/27/2012,743,255.28
Snacks,8/6/2015,3753,152.58
Clothes,8/23/2011,6187,109.28
Cosmetics,4/21/2014,4613,437.20
Cosmetics,5/4/2015,7629,437.20
Beverages,5/15/2011,867,47.45
Meat,3/21/2015,1985,421.89
Baby Food,4/11/2014,5678,255.28
Cereal,2/21/2012,8668,205.70
Snacks,4/5/2017,4711,152.58
Clothes,6/5/2016,9593,109.28
Household,6/10/2016,6130,668.27
Cereal,1/3/2010,9173,205.70
Household,5/31/2017,600,668.27
Personal Care,7/25/2014,4322,81.73
Meat,7/6/2012,1283,421.89
Office Supplies,10/22/2015,4455,651.21
Household,2/13/2011,3844,668.27
Vegetables,6/27/2016,1485,154.06
Personal Care,12/6/2016,6447,81.73
Cosmetics,9/5/2013,9827,437.20
Cosmetics,10/25/2012,9756,437.20
Cosmetics,12/1/2013,6395,437.20
Cosmetics,11/1/2013,6936,437.20
Household,6/28/2010,603,668.27
Fruits,3/21/2014,3650,9.33
Vegetables,9/18/2013,4364,154.06
Personal Care,2/3/2010,8062,81.73
Cereal,2/5/2013,2093,205.70
Cosmetics,8/14/2014,837,437.20
Cereal,3/4/2015,705,205.70
Beverages,7/24/2012,5138,47.45
Personal Care,3/23/2013,9612,81.73
Fruits,4/20/2013,6630,9.33
Meat,1/2/2010,729,421.89
Office Supplies,12/17/2012,3476,651.21
Meat,2/26/2010,8471,421.89
Meat,2/18/2017,6342,421.89
Beverages,8/24/2012,9750,47.45
Vegetables,8/2/2010,8389,154.06
Baby Food,10/5/2010,3982,255.28
Vegetables,4/6/2010,5284,154.06
Personal Care,10/26/2014,3081,81.73
Beverages,4/16/2012,5189,47.45
Vegetables,4/28/2014,1459,154.06
Beverages,9/9/2014,8770,47.45
Personal Care,10/23/2015,6032,81.73
Fruits,5/16/2017,9189,9.33
Personal Care,7/24/2012,6214,81.73
Office Supplies,7/26/2014,2112,651.21
Fruits,11/28/2014,3918,9.33
Clothes,7/17/2017,5701,109.28
Cosmetics,5/5/2012,3559,437.20
Cosmetics,10/1/2016,622,437.20
Clothes,5/29/2011,2051,109.28
Office Supplies,2/5/2012,38,651.21
Cosmetics,12/14/2012,8807,437.20
Cosmetics,12/16/2012,9613,437.20
Vegetables,3/1/2012,5742,154.06
Household,6/20/2015,7512,668.27
Beverages,9/7/2013,7271,47.45
Beverages,1/22/2010,4398,47.45
Fruits,6/22/2016,306,9.33
Personal Care,10/19/2011,3436,81.73
Meat,10/28/2013,4262,421.89
Office Supplies,11/29/2014,289,651.21
Personal Care,1/21/2016,1053,81.73
Meat,7/12/2015,3121,421.89
Cosmetics,8/31/2012,5093,437.20
Beverages,8/30/2011,2598,47.45
Household,3/12/2010,3297,668.27
Meat,10/19/2010,1882,421.89
Cosmetics,1/26/2017,5077,437.20
Clothes,9/28/2014,6638,109.28
Household,4/29/2013,2350,668.27
Beverages,1/17/2012,5030,47.45
Clothes,3/8/2011,9527,109.28
Baby Food,11/15/2015,7721,255.28
Beverages,3/4/2017,3524,47.45
Beverages,12/27/2010,7877,47.45
Cosmetics,1/4/2017,3755,437.20
Baby Food,5/5/2014,1161,255.28
Meat,6/12/2013,2133,421.89
Household,6/27/2014,5737,668.27
Meat,2/15/2011,3072,421.89
Beverages,1/5/2017,2269,47.45
Household,8/1/2016,3488,668.27
Meat,4/6/2014,3921,421.89
Cereal,7/16/2015,2793,205.70
Baby Food,8/10/2015,6358,255.28
Personal Care,9/25/2010,2902,81.73
Personal Care,3/4/2017,7743,81.73
Baby Food,5/22/2014,8229,255.28
Vegetables,12/24/2016,8740,154.06
Household,4/29/2010,5688,668.27
Cereal,12/10/2014,2514,205.70
Household,7/18/2014,4693,668.27
Vegetables,11/8/2012,4729,154.06
Beverages,8/27/2014,7158,47.45
Vegetables,6/4/2014,3548,154.06
Cosmetics,4/18/2015,7497,437.20
Cereal,2/3/2010,9635,205.70
Household,6/7/2015,2624,668.27
Office Supplies,12/1/2014,6156,651.21
Household,12/5/2015,1954,668.27
Beverages,7/22/2015,8773,47.45
Cereal,12/15/2011,7400,205.70
Household,9/15/2015,5651,668.27
Personal Care,9/25/2015,3376,81.73
Beverages,5/21/2013,7454,47.45
Meat,1/30/2011,6797,421.89
Fruits,1/31/2016,7346,9.33
Baby Food,1/1/2014,7076,255.28
Vegetables,6/14/2010,991,154.06
Beverages,2/7/2012,6128,47.45
Office Supplies,5/3/2015,6554,651.21
Cereal,1/10/2010,8367,205.70
Meat,8/11/2013,4697,421.89
Clothes,4/23/2014,706,109.28
Vegetables,10/4/2012,8586,154.06
Cosmetics,8/31/2010,2560,437.20
Meat,8/2/2014,3884,421.89
Cosmetics,12/28/2016,5843,437.20
Fruits,3/19/2015,8755,9.33
Office Supplies,3/19/2015,4969,651.21
Household,8/29/2012,3864,668.27
Office Supplies,11/13/2011,6851,651.21
Office Supplies,5/31/2014,2374,651.21
Cereal,5/20/2015,905,205.70
Cereal,9/14/2014,9950,205.70
Personal Care,5/15/2013,9044,81.73
Baby Food,3/23/2017,4755,255.28
Office Supplies,6/20/2010,5682,651.21
Cereal,6/5/2012,7454,205.70
Baby Food,3/20/2013,7733,255.28
Cosmetics,5/14/2015,1211,437.20
Meat,11/25/2014,4611,421.89
Snacks,9/12/2012,1689,152.58
Snacks,9/13/2010,8231,152.58
Fruits,9/12/2015,7054,9.33
Household,10/29/2012,3006,668.27
Vegetables,9/5/2012,5851,154.06
Meat,7/5/2017,7597,421.89
Cereal,2/11/2011,6179,205.70
Meat,6/19/2010,1603,421.89
Clothes,11/17/2010,5905,109.28
Baby Food,7/8/2012,8152,255.28
Baby Food,8/13/2016,9442,255.28
Snacks,2/11/2014,7906,152.58
Fruits,2/25/2012,3705,9.33
Baby Food,2/28/2015,4031,255.28
Household,6/26/2013,8108,668.27
Snacks,6/20/2017,2191,152.58
Cereal,10/18/2015,4565,205.70
Clothes,2/26/2017,548,109.28
Cosmetics,2/26/2016,7489,437.20
Clothes,3/30/2012,9768,109.28
Office Supplies,7/11/2013,3796,651.21
Meat,3/21/2010,3015,421.89
Beverages,5/4/2016,2899,47.45
Household,11/18/2012,5952,668.27
Meat,3/15/2012,6711,421.89